,Safety and Security,Personal Freedom,Governance,Social Capital,Investment Environment,Enterprise Conditions,Infrastructure and Market Access,Economic Quality,Living Conditions,Health,Education,Natural Environment,unusualness,hhi,width_90
Afghanistan,0.23174144130060964,0.04806940753478192,0.07849773331249021,0.16354541191183364,0.04574019071439736,0.11166953259340313,0.03249960919180866,0.04579490386118492,0.06268563389088634,0.04517742691886821,0.03845552602782554,0.09612318274191026,0.6978760877930114,0.12332838916475641,6.0
Albania,0.09645446764818812,0.05521612324527002,0.013188405071726476,0.375758360104592,0.016804223149672844,0.014760002488243407,0.028019908807309146,0.20926127056286498,0.01633803501702087,0.015706679003015207,0.04472045514834006,0.11377206975375684,0.6328758413202961,0.21425383216688143,23.0
Algeria,0.1280457882219393,0.04293524804046401,0.017381040280676375,0.20057662218940633,0.04081309756115937,0.05364947096923259,0.04386045542102712,0.03378111964157004,0.163197138989555,0.08681077198560454,0.08432948834826373,0.10461975835110164,0.8972105147387949,0.11860729234725308,32.0
Angola,0.20697084008663352,0.051610034567334595,0.03551686054016839,0.09949368177971572,0.1337253833244883,0.10745134038067099,0.029607424088125188,0.11093389176551585,0.03803554267846642,0.08471148467419212,0.04569772945681952,0.05624578665786945,1.1754957357183136,0.11314677014600538,13.0
Argentina,0.016039192559915143,0.21616380522914763,0.011694419727977624,0.08604108883966433,0.04884858310393904,0.19623453021232076,0.03512035124935661,0.25407981462302576,0.022348594564970497,0.011489371456196976,0.019131170463046503,0.08280907797043885,0.46961082439685725,0.16906285141335825,34.0
Armenia,0.03813881391411334,0.08219094836572648,0.03319967203275184,0.44309889783184475,0.02118230884081154,0.1956519096986871,0.022467813305485407,0.06209687748628249,0.016303936261416446,0.015046479166880915,0.04118008374944723,0.029442259346552365,0.812904347339781,0.25179281821373484,21.0
Australia,0.02306780686182428,0.051815280516530046,0.03285355311103134,0.39632764055331265,0.047482997880574564,0.1498251842818295,0.1294128060504433,0.04993189317308969,0.014658949532103642,0.02064349887144283,0.05115142335892052,0.03282896580889765,0.6599889771484159,0.2096502388402709,11.0
Austria,0.07319329322475854,0.07926056491907876,0.027816219208414057,0.07392894081314551,0.039011173102976096,0.10352965169635964,0.04079566477777616,0.09238568327822046,0.023577141025827784,0.032419479365449325,0.09480385158856176,0.31927833699943187,0.40085895805759414,0.15285171778629275,7.0
Azerbaijan,0.011191469680875395,0.28066491008851385,0.038937442051435456,0.07605792206340091,0.10250896864079624,0.08824372921203022,0.03735899031365012,0.06433134707859368,0.053694949317468474,0.014096430767756313,0.036858372800677275,0.19605546798480217,0.6325759179294614,0.15290637653681965,36.0
Bahrain,0.010119181766732377,0.537603667684956,0.014438042312588424,0.014704446291180428,0.09765922191166142,0.015411930992152933,0.08685098866817542,0.021263163022776664,0.03953070766683879,0.019372879767758932,0.01826864185978944,0.12477712805538922,0.9599102642655187,0.3251559070104552,44.0
Bangladesh,0.16769752175380503,0.0452541056125516,0.022625554954195687,0.04158936085653173,0.0362380346583,0.09816423249060847,0.08417928690258171,0.06207798017642701,0.039026036663424656,0.09413700753120026,0.024376044751825882,0.28463483364854797,0.8429341839990837,0.14629721102164225,22.0
Belarus,0.02326633988501652,0.24186015157789317,0.12037567273579936,0.10154388540799071,0.037505461726705165,0.04443197258420353,0.011930583497175806,0.07630942028320131,0.06851104875678671,0.01827301713285719,0.14590732745926632,0.1100851189531043,0.9884948880031436,0.1316207936149893,52.0
Belgium,0.05557503096590246,0.24118348173596021,0.05253686695178668,0.08784189082863977,0.04438056509850664,0.12369222619520595,0.036333325543169204,0.12594358363130712,0.015736131560291976,0.03682410588391098,0.023082256343141153,0.156870535262178,0.5482828388722901,0.1329304702870774,7.0
Belize,0.02564912021712099,0.3388166224740664,0.01650380699851808,0.05483610885574286,0.10504249870828909,0.043466213952748925,0.017881821227210527,0.10922820983062972,0.01773022262850394,0.012676368219937202,0.05790498685577693,0.20026402003145527,0.6911423073587618,0.18784147148363323,31.0
Benin,0.10728507366115402,0.17694782611131288,0.11415961675099177,0.2524907730989969,0.02057974722072577,0.07193668287190269,0.038654483018113944,0.019900042294825747,0.06084712894693353,0.06711572629925877,0.05066555996762064,0.019417339758163225,0.6822229324290348,0.13824414773975457,34.0
Bolivia,0.01666284198255601,0.13624707497506325,0.05687810779428655,0.04813837077613237,0.04115207497220189,0.2545356843027525,0.0308603364615625,0.10676362479333831,0.02214291804894184,0.019310171961994277,0.029844553773818675,0.23746424015735187,0.5194111878127939,0.16136923173734757,26.0
Bosnia and Herzegovina,0.21220587203838007,0.10576346318403075,0.1810192601736642,0.015286377600404001,0.015429461192082708,0.09523699973347174,0.017800721029079637,0.02289393578071738,0.12070139015528779,0.01603939007112096,0.022397912662897864,0.1752252163788629,0.7958741891560622,0.14539967108775675,30.049999999999272
Botswana,0.03784082087902407,0.11992207433855442,0.1766628601443819,0.054112789416205814,0.05677702256818911,0.024129361917157442,0.020729755202385645,0.05606724745220654,0.10536752886889772,0.16221137335667113,0.03699673702915065,0.14918242882717558,0.9638161553888992,0.11836930856488663,41.0
Brazil,0.1011287903342765,0.060768963473213006,0.013062314638260512,0.08382171011200301,0.01180134380265198,0.14684737824160998,0.04449168421124351,0.02468504929515088,0.03262220612955441,0.012492420061457118,0.04399722401480266,0.42428091568577636,0.9586939460579637,0.22857920816845287,31.0
Bulgaria,0.07469187744394397,0.22184824036034254,0.06946634516797363,0.1654492614251066,0.04651360123319733,0.06779049787513877,0.04078602187793892,0.09819616605737479,0.029062161913718614,0.05060068872373975,0.052085616704732676,0.0835095212167924,0.5358329990804974,0.11815139339081235,6.0
Burkina Faso,0.07656564428306732,0.28138539572554416,0.08211278878192062,0.009330624962000739,0.014761653687946583,0.010785809755518986,0.0703257919544228,0.0172165305005736,0.07042845225149978,0.018910923753300328,0.3011415227013811,0.047034861642823896,0.701279484743181,0.1956622603324181,34.0
Burundi,0.055697519044535966,0.0838131775791054,0.027454437755706464,0.032516909343876126,0.03939085035747248,0.21302329425702202,0.03906712768448748,0.1001508409901781,0.201551802515394,0.04578265121981457,0.034779524196547874,0.12677186505585936,0.8258172404789567,0.13042485363693632,9.0
Cabo Verde,0.15796010405406707,0.19898255394356576,0.15584566382581527,0.013138590137958244,0.07083310612937475,0.017154486930693706,0.14201808436590851,0.14141473757140888,0.023365334342653508,0.012201333713966788,0.046425627323494596,0.020660377661092952,0.7630531324747238,0.13776181583676397,43.0
Cambodia,0.02218993659850262,0.09055862876049839,0.26849817409327403,0.05873744542254349,0.01928481794981459,0.033273448919260616,0.08853062682414428,0.21547403076547086,0.026861625879466656,0.0735368071776699,0.024672065272053054,0.07838239233730161,1.2294988551444967,0.15286209113003218,29.0
Cameroon,0.30900859662681895,0.05292582777678925,0.08332439124771299,0.02234525324665623,0.029185609173357385,0.029915011701681156,0.026243549813302836,0.1169380306675052,0.02532806135130987,0.07151268847992241,0.1994814043104022,0.03379157560454159,0.6602908022300663,0.16852993173865272,20.0
Canada,0.03469328423296831,0.08288916884711052,0.034163517136673455,0.21760506509028654,0.02573892819071616,0.04346674419355881,0.03541040798526989,0.3386956100397326,0.02929224408049876,0.0926963207029105,0.02069321962722486,0.044655489873049715,0.5054731869260348,0.1869867776176659,8.0
Central African Republic,0.038798530954879326,0.047088142707240294,0.0335099685204617,0.027040923399790136,0.023084994753410283,0.027806925498426026,0.04513641133263379,0.10851521511017839,0.19090766002098639,0.21269150052465902,0.07021511017838405,0.17520461699895068,0.8362344241278646,0.13800596690849798,8.0
Chad,0.12281103472681193,0.07358566172452734,0.0260151854993573,0.042329969764307314,0.039800787897396404,0.020941209531789108,0.18930353825257473,0.07157168357124644,0.03965507371576367,0.1280463371097592,0.11961052680880738,0.12632899139765918,0.6305588932384879,0.11418107004665341,8.0
Chile,0.35699988525823273,0.08417583538381122,0.05126407180284815,0.09422848910590666,0.04193174139755473,0.06669046495913919,0.08578222012570598,0.04231421395514872,0.023993778446396472,0.05169754070145467,0.044717416525364304,0.05620434233843722,0.4244490963815377,0.16980338615649065,8.0
China,0.007036752982927256,0.6814307047215439,0.0055568266169679975,0.024115058149305854,0.010015245721892899,0.03233725545137529,0.031786022339747796,0.06640998575242041,0.019230925335046608,0.04350863257810238,0.016355704248027538,0.062216886102642095,0.8619388501164621,0.47797765581807167,48.0
Colombia,0.6550118556702406,0.025177408638582092,0.006770671067980417,0.017123494854902964,0.033979680791042514,0.010787234093586907,0.015692072918035305,0.01695479441065846,0.014579396212315241,0.05977619074396898,0.013797457660319392,0.13034974293836735,0.7838052458307718,0.45278535546486826,45.0
Comoros,0.20869471651757024,0.10612216838877249,0.13139154320009802,0.09865529289747169,0.03907332076001805,0.03369509013034602,0.057025265190348236,0.1513502365716096,0.027329326211775678,0.024689527783340454,0.031518571543857656,0.0904549408047918,0.9459190319868939,0.12116484376300993,30.0
Congo,0.04332604984259941,0.06083031794366657,0.11482616102456478,0.13247560888206072,0.03922610001231271,0.050449046499789575,0.02864451725893269,0.07273322025239225,0.03780186822456184,0.024006115926954365,0.25324311360959134,0.1424378805225736,0.7244807972979116,0.132932630534206,16.0
Costa Rica,0.03105149391144472,0.17818444830318275,0.03601785571324852,0.13211516217283162,0.08268067591107481,0.0370116801983232,0.08356131482979376,0.1219947161664877,0.07500614238744248,0.021792362458832204,0.03708345641113415,0.16350069153620422,0.4372956434650522,0.11574524497581291,14.0
Croatia,0.06580364997413586,0.13354463953292986,0.04545499474480164,0.21851740805050265,0.03308303872372813,0.17647252635012475,0.038259162001785786,0.030167144961104946,0.02661535572256507,0.022312353175688367,0.018912124516900653,0.19085760224573245,0.7477360748695331,0.14458167643924127,9.0
Cuba,0.007605504233615901,0.22449246760459138,0.03919698906428629,0.10971789832489233,0.024104321237170767,0.22056262911906732,0.017112111221617033,0.038039819848923004,0.05408795852556854,0.11915426618007618,0.11978095229505682,0.026145082345134324,1.2002803337302286,0.14715216505112333,45.0
Cyprus,0.10045416809102894,0.10180934707232503,0.0801142745519363,0.12860770620696388,0.05618498803535674,0.09620549885237094,0.052485715681007954,0.10312789959466717,0.03774967036186941,0.09028422132148263,0.053779850564047466,0.09919665966694338,0.38843391251578924,0.0915253148841026,4.0
Czechia,0.1013632844631538,0.12537499395171045,0.05034596216190061,0.05010403058015193,0.03907799874195578,0.23126844728310833,0.13427807616006193,0.11159699037112304,0.010886921178690665,0.03165674747181497,0.03194706536991339,0.08209948226641506,0.6985334646688899,0.1254168237108983,8.0
Côte d'Ivoire,0.028834940457547267,0.21540192702586664,0.05935490995566565,0.11696100728560861,0.018406800282170965,0.02563909724331153,0.0235437588713923,0.08061864365634167,0.029579399615584902,0.22433829290374296,0.10995528485082733,0.06736593785194021,0.5712996455856953,0.1403131192035007,22.0
Democratic Republic of Congo,0.05963770067565193,0.19076921275424769,0.02733053080246841,0.034444197238843545,0.19658895303223692,0.03514678157823862,0.03831426597501142,0.041686670804107775,0.07829131488659118,0.039438400918043535,0.07109568027728662,0.18725629105727234,0.7455716288772208,0.1327756144719403,7.0
Denmark,0.057902011979726616,0.09572262325295654,0.04634464751958225,0.1957456611887575,0.04461680233451083,0.07955767163262172,0.038550145906926736,0.062048840423898015,0.03405774842574105,0.15362463523268316,0.03428812778375058,0.15754108431884503,0.48959843479908544,0.11739123606870087,2.0
Djibouti,0.09040510657347837,0.06919171648328747,0.027227082746404133,0.09889065557257917,0.12043883651014792,0.028333725691483,0.055516426942269326,0.05199099248601983,0.041708957729519866,0.02689711597463694,0.045657946024382806,0.3437414372657911,0.5458832023283787,0.16728061876186887,21.0
Dominican Republic,0.07780773748011667,0.31614755457113736,0.031436819514053235,0.06229962367165263,0.03089895566238374,0.016199401119462206,0.016165894846735255,0.023402368011737777,0.04184404417184839,0.03520803868387361,0.1969357631847183,0.15165379908228083,0.6451770155531052,0.17767210966413843,25.0
Ecuador,0.02607785624786422,0.16333508941792912,0.06804234536963208,0.04207697345939172,0.054356276341268925,0.14198086342408017,0.025056954094999428,0.1634860177696776,0.03416533773778334,0.018309317689941904,0.025770304134867295,0.23734266431256404,0.6460431935235265,0.1427254880867898,24.0
Egypt,0.060490180910665686,0.2251244664365443,0.015007938460445921,0.13898709809958834,0.07098169335223684,0.09706638379032317,0.12430189736813403,0.01071058097863717,0.09413606470479324,0.03602171536688114,0.039043656459953884,0.08812832407179613,0.8182792486026167,0.12335887218696434,41.0
El Salvador,0.12744310575635878,0.19778582633191252,0.051630653493318884,0.054022223864784294,0.0316406731219356,0.03275104508011597,0.1623787583873326,0.062460065209714116,0.05720550915317714,0.025711024055321496,0.11987417974556716,0.07709693580046158,0.6387421221158377,0.11753427093987097,16.0
Equatorial Guinea,0.05659399576204901,0.21167569719982365,0.12837407739238021,0.06257377305630217,0.020962213973861228,0.07963195244393247,0.0183978269835175,0.07821209664803674,0.04691212651279207,0.10482472232888206,0.017638408919606923,0.17420310877881592,1.3298962152247709,0.12548794292940732,29.0
Eritrea,0.15275491360923027,0.36119501266873755,0.04287806996196993,0.03592100052011013,0.08843780866627539,0.0327383082582991,0.03405051271406827,0.029488812860557993,0.07510103974309422,0.0594786492405915,0.0313783872768656,0.05657748448020003,0.9918667216683293,0.18121030912406969,10.0
Estonia,0.031049752265415623,0.16716950732146524,0.030165173940743785,0.050752681378046664,0.10415909773010884,0.0705187946567257,0.10440656904713012,0.08310297439461672,0.009546074420416911,0.08779966407085052,0.021877517494115973,0.23945219328036396,0.574759079640412,0.1316402449192717,8.0
Eswatini,0.044912172418970095,0.22847515305186247,0.01268453800857424,0.10380752998481993,0.10433382821492318,0.02043138105326372,0.061090630056549945,0.0924199709743607,0.056992843678582754,0.1338649140073732,0.04334662285018433,0.09764041570053547,0.778789956817142,0.1213119846602985,25.0
Ethiopia,0.12155521308925406,0.08916046146533968,0.06407944578070314,0.06770606789474441,0.08366147686192045,0.03088533940170816,0.17715141651423713,0.09469833359738443,0.04787486857455603,0.11979663262807677,0.05520156702337572,0.04822917716869985,1.0172347331931573,0.10173559314127817,16.0
Finland,0.09483064268324393,0.04001701846030208,0.06790838395537382,0.07846219301770394,0.06208192497695418,0.04056066371995179,0.025279504573711208,0.2919138676814712,0.01887394521001253,0.04106885385397216,0.06508379228023732,0.173919209587066,0.7536608206034466,0.14924083729487841,5.0
France,0.13871306339260153,0.05843856356754349,0.04452272654982665,0.0857613155634721,0.050025446101975256,0.059869906803651514,0.05302331499093482,0.14307070835586372,0.01615032284741881,0.03602213810871847,0.0487451890963453,0.26565730462164827,0.4757209772085716,0.13586963093553897,6.0
Gabon,0.02431445453604182,0.07939192922981349,0.06716024621584489,0.04578097678958457,0.13805025995525677,0.18339729935048998,0.043870721557614206,0.027794097288065794,0.12995901443859786,0.08990647660286354,0.08853486215798347,0.08183966187784372,0.6268520200434942,0.10839893541321559,19.0
Georgia,0.02439343906412436,0.10579597993429334,0.10335279955160015,0.13574014516851957,0.08513140866987497,0.043592663534480096,0.043726472341345336,0.047406682393100336,0.019656794446279508,0.0546576225637206,0.06762959102227122,0.2689164013103906,0.7676335994632169,0.13446573014803506,18.0
Germany,0.06552313489693799,0.05445503778596874,0.04331486934497457,0.305273562176966,0.08013302308341741,0.09897452793278833,0.08784465539608344,0.051664847723575553,0.029168296851512468,0.0424809010975434,0.036931408685624854,0.1042357350246072,0.48387356761710576,0.14381439046044447,6.0
Ghana,0.04666799901873218,0.2659283163016433,0.1060489099497337,0.030614419522304433,0.016546107748132418,0.109565751100848,0.06537933673493551,0.12713574931069727,0.07337013403398636,0.05923267887063272,0.08477831966409574,0.014732277744258495,0.5817281250498342,0.13409185975521015,36.0
Greece,0.050162734347727875,0.0870936774882441,0.03535493541961847,0.15215661512556725,0.09406250641696953,0.026417380233680357,0.048994845890059334,0.30957257849237146,0.03110176800344976,0.014825766442842768,0.05328138154787572,0.09697581059159324,0.8523031215557665,0.1557148617138268,12.0
Guatemala,0.03982105221473734,0.11295446445464266,0.1727756926691688,0.024141671029994764,0.021818473817831422,0.030103663875603346,0.04428704685554378,0.1219491536610156,0.1047253743295508,0.01897717722738733,0.1856027772766673,0.1228434525878569,0.8825032214463729,0.12386034453395478,20.0
Guinea,0.03280661125181115,0.04277887706651789,0.012580322776147795,0.05478846161564673,0.02751263290133292,0.13633820454262674,0.018958784030567805,0.12483594286195919,0.08768257000774629,0.13700205899233797,0.1668377811046313,0.15787775284867409,0.8645288638913526,0.12057287252125093,22.0
Guinea-Bissau,0.3439501852332846,0.0893959070962803,0.012830309906904895,0.01191507976651037,0.06401484600347226,0.01844882503315061,0.046408798239258524,0.04375606621919044,0.055954122294978884,0.03723667482331069,0.16683709040204509,0.1092520949816134,0.6289942201689656,0.17939464239005962,30.0
Guyana,0.0169713710805646,0.16617929835632259,0.022050637884948533,0.0204891145811629,0.04825065336325807,0.08485387880483637,0.1204938771379415,0.07842204587532817,0.0217386904159498,0.14760056436297828,0.0351321907165862,0.237817677420123,0.7182982343255868,0.13905673487053807,27.0
Haiti,0.11375196004796354,0.2559130858731602,0.07052549050612063,0.04877389940836199,0.16516780645926396,0.08817909897089246,0.027737149332595433,0.030161679250504017,0.048200708911465134,0.029967321553280368,0.08088244982936053,0.0407393498570318,0.9800102164018788,0.1339418021625134,12.0
Honduras,0.10815349213259531,0.07830977406199746,0.2524935727249304,0.15349132489501913,0.01823060327942472,0.021559136180692245,0.03420933814615013,0.01989123507874674,0.03386525782197155,0.012553277930478005,0.08119568720352352,0.18604730054447077,0.8063393225753946,0.15001605909217497,21.0
Hong Kong,0.011550733815875708,0.5370588345816878,0.03199302380328716,0.09083202640167727,0.05386105741546941,0.09414770924998146,0.04064032467166449,0.08528599422408047,0.006005806865894995,0.010630079211663243,0.01537924227805095,0.022615167480666803,0.6533443422760564,0.31942679850276057,24.0
Hungary,0.053992615490774915,0.07128527744775333,0.27988235981535936,0.06044780064607499,0.022718356376303903,0.22479347581114126,0.02192537026886402,0.08704483293034798,0.03841948130361351,0.01855309250669864,0.04848066644221912,0.07245667096084873,0.716366905976295,0.15851123850270485,12.0
Iceland,0.04364590954081852,0.07222102681068984,0.038094418384473035,0.2601024228600938,0.05103929078624607,0.1821749795584628,0.06338167577570254,0.13075698239876057,0.019107457933468176,0.044945560958815675,0.03070103713904548,0.06382923785342341,0.3605095707537684,0.1405345785591772,8.0
India,0.09816305136682525,0.0217853398919442,0.11632359397539625,0.027075235868075156,0.06924208621168543,0.17876802050013887,0.03995197519913268,0.022622906754831598,0.06371959250598071,0.015406642833463251,0.023884812156725714,0.32305674273580093,0.7221962537199348,0.1724689548807064,36.0
Indonesia,0.029232042816163876,0.1276488971885849,0.12674790956753879,0.10970486879849065,0.02700139255209236,0.0841614847043875,0.023068876781600346,0.04086145711003728,0.2174036925090965,0.05880420204198192,0.11105121639746132,0.04431395953256454,0.3520283104865973,0.12028140592621567,21.0
Iran,0.011523417712104835,0.3471742508585732,0.019743605359146984,0.0050205167913259475,0.010472670612394156,0.09481757722528111,0.04851117499289258,0.008291752954314112,0.12413830458699941,0.12164558670782466,0.1345076966383109,0.07415344556083205,0.8966076984809485,0.18639892357799587,46.0
Iraq,0.2048559399258694,0.020730067330294175,0.006640128723201764,0.018289462872960162,0.014380614556671696,0.013838487395027379,0.05478581022411364,0.032978920626059845,0.17222219698993496,0.043034904648792026,0.024653366865666836,0.39359009984140825,1.0544307288544486,0.23429513093720794,38.0
Ireland,0.06010478924498407,0.10558928263290822,0.03300547476744004,0.10089102232261911,0.02613456319513075,0.06174408207445056,0.18509106310885218,0.283613346510424,0.02754639434012581,0.04222159474171333,0.03054261377005977,0.043515773291292144,0.3836150339605197,0.15058856175798857,8.0
Israel,0.40209253763615893,0.040622635023098576,0.051792310841327446,0.0363588436014582,0.07705679345878517,0.07008288276031298,0.010584163719872548,0.051358643166818714,0.027749872146995123,0.04607688672770408,0.018500724601590603,0.16772370631587774,0.8547755088510324,0.21229876425876804,18.0
Italy,0.042127372089445406,0.05722446303988655,0.14525180770439933,0.09493708988019985,0.0385688198583268,0.054107385333681146,0.04703041491916333,0.3460558264603776,0.01988642064495414,0.05945190268831228,0.031297868213165304,0.06406062916808807,0.5760947509361959,0.17055547051666659,7.0
Jamaica,0.17266699345074155,0.34896536322892635,0.09700009410257744,0.04077450634771043,0.029073482876842204,0.07437404229559727,0.017184956509159556,0.10961264851001914,0.011375175740074637,0.010690474150583789,0.01842935775693164,0.06985290503083616,0.673669942372778,0.18681206543146522,28.0
Japan,0.02782550572087302,0.020829421112672785,0.018564400460283962,0.7363716156016741,0.027303508631151566,0.034374873326775975,0.01946279798712628,0.024506563844545793,0.0056476610642288054,0.04878646017311112,0.01044738707780073,0.025879804999755965,0.7476481492264065,0.5498933294328364,18.0
Jordan,0.03434132212599483,0.05200597103308742,0.023588390754494037,0.2821364537327182,0.09909708000581202,0.13733821598252005,0.03958242520444894,0.08207223359953504,0.05567823862748485,0.011574016959049898,0.02070808008531614,0.1618775718895386,0.8833351906419803,0.1508931718666388,36.0
Kazakhstan,0.023400433371192894,0.2468551052683867,0.027701476881052046,0.060166725290816056,0.02130294185826918,0.009951784993470792,0.0436333726249388,0.19412872431165848,0.06348234607580684,0.012636413025480471,0.20687880553519372,0.08986187076373393,0.8298779157171365,0.16107879929277516,37.0
Kenya,0.2951921939680663,0.09451935081148566,0.03427229121492871,0.08393915500361392,0.11948748275182339,0.07317694986529996,0.028361916026020114,0.01612720940929102,0.16897627965043696,0.028622774163874105,0.031059859386293454,0.026264537748866553,0.9785970053914909,0.1560161075288976,30.0
Kuwait,0.10533243070335634,0.2399689588688594,0.012946756688865744,0.054759247898347956,0.026814020827986052,0.012392919863861216,0.02313691645327713,0.08519947702917986,0.11481442361840424,0.06298854072205655,0.016450376603568306,0.2451959307222371,0.5367216074866098,0.15805462734862644,29.0
Kyrgyzstan,0.1706095980755039,0.04409722423981824,0.08877784040395822,0.03406799653683678,0.04410768345758496,0.2180851496539742,0.13278906663102782,0.037070954171194145,0.0588877202972742,0.059373492855773195,0.06242293590242712,0.0497103377746271,0.5196611080352799,0.12196886143951016,20.0
Laos,0.14743159785884657,0.3942695103849473,0.01562742725445342,0.040904384293705645,0.12243987163054867,0.017988244749856733,0.07632132263968905,0.029548145558114604,0.024579726168030558,0.02123436880603629,0.026226167770788726,0.08342923288498236,1.1477180602769457,0.20981835444572441,34.0
Latvia,0.027689445419399106,0.07525697019277712,0.02151424386768179,0.10036022009051684,0.050605644767572275,0.04185084513175082,0.03383165978334015,0.02546940768205629,0.023519864884478867,0.09568923430139734,0.021745154182115665,0.4824673096969137,0.5577229827871985,0.2660282201299529,10.0
Lebanon,0.027341143236417214,0.04807883802932297,0.044357195565576935,0.32319587313283143,0.02141222898437047,0.013361755243846092,0.039945172938970326,0.1801550096138229,0.09587388911637462,0.03211114076228486,0.16440843567489974,0.009759317701282553,1.0803062012028604,0.18151901635003304,36.0
Lesotho,0.06258430821555855,0.1887587376245683,0.08243408744261532,0.012879715687526768,0.01582101738383436,0.01380788871941675,0.014933417485016741,0.010691271016006353,0.021130587884662103,0.23955880474555388,0.035207461449262296,0.3021927023459786,1.3272342754477158,0.19768111249713216,35.0
Liberia,0.03722903704211524,0.12811748329352987,0.03545408338425925,0.04369203215054863,0.034523759152606914,0.04114100491084794,0.21579558789582293,0.03606198091041089,0.027915082874910752,0.100684433699268,0.1628378049061347,0.13654770977954475,1.0458075882440367,0.12779678567414457,30.0
Libya,0.1832633619290331,0.018924141363812666,0.09725197282229371,0.013257686944575322,0.06372942316367088,0.088220669086187,0.015467970457967734,0.06466120443140519,0.20111322020495173,0.10500878844852146,0.06778470383455337,0.08131685731302783,0.9643227457090037,0.12252252108207233,34.0
Lithuania,0.04069065009368624,0.053366181817494265,0.04684690476145458,0.5572110048724411,0.021414539424798585,0.021127146700750433,0.018073599007738805,0.0207905946949572,0.013235191239059694,0.0460244321630273,0.028028353561117273,0.13319140166347446,0.6771597385363185,0.3396652141623544,11.0
Luxembourg,0.10614398793818319,0.04008292499057671,0.030667169242367134,0.17727855258198266,0.053742932529212216,0.08002261590652092,0.03729362985299661,0.06339238597813796,0.016155295891443648,0.02125895212966453,0.3084357331323031,0.06552581982661139,0.638568424293191,0.16008184997490205,8.0
Madagascar,0.024879726865349276,0.24430452796584592,0.02124138363331496,0.02627783179271527,0.019915500500442527,0.013533410415336638,0.03022209564482139,0.018998419977911032,0.4228558814090881,0.02970836703115962,0.061163002546158925,0.08689985221785636,0.8459195920244268,0.2542817001102295,29.0
Malawi,0.02211196025217036,0.2203805747646774,0.09068633244652975,0.12809888789033666,0.016426307960939013,0.03253238542728248,0.05643460362556224,0.047776338177674404,0.17849683449034065,0.021271689706462812,0.09176967488576734,0.09401441037225679,0.7088609408114452,0.13005948245432805,35.0
Malaysia,0.07257292554081782,0.462721512917003,0.025813318890211594,0.017538613723598523,0.1170099729003406,0.10790403598744504,0.03695031979854855,0.05597085799289505,0.03388115642765934,0.018087753248291934,0.018902059461279083,0.03264747311190975,0.45023531539686673,0.2530828811903379,15.0
Mali,0.22001677641236422,0.2117636203497882,0.03316612842343665,0.018001090466803676,0.03147171077465084,0.01460135050119532,0.01825022019041228,0.04109466090676509,0.018339135175942628,0.017295642326888398,0.323060017615233,0.05293964685651974,0.9669355954041893,0.20570659816006284,24.0
Malta,0.03272524087106225,0.03710255735384855,0.015681968217532566,0.16832281252831557,0.04684095390549829,0.020044183066322063,0.025819479381954846,0.05977010998304303,0.015511535490997269,0.0181392198064402,0.023871368596367844,0.5361705707986176,0.7816413031087636,0.32647935255505023,12.0
Mauritania,0.26985218702865765,0.03148868778280543,0.047710407239819,0.03248265460030166,0.06817194570135747,0.13120060331825037,0.03025188536953243,0.025506787330316742,0.11769984917043741,0.0254947209653092,0.0373288084464555,0.18281146304675716,0.8607066828430475,0.14988663762458226,20.0
Mauritius,0.049949045390186055,0.09193925128288376,0.11835899100854053,0.09725792051080868,0.05487540921511863,0.030187224371634964,0.025470541020715526,0.08818529440942253,0.022474139408205043,0.053042396039068206,0.02330835204675198,0.34495143529666406,0.7982314419548527,0.16961701528631803,11.0
Mexico,0.6064786810225222,0.027091734166784707,0.040917944219378846,0.01788912895307063,0.02314619543485049,0.010130691079654967,0.08801360670913744,0.08164768890186158,0.01674819371483975,0.010442922327977408,0.014846634984454956,0.06264657848546717,0.8366377627971611,0.39013034200840274,39.0
Moldova,0.11011652547267721,0.17368200716951876,0.01691740267133422,0.02789624806276056,0.0265257406793022,0.1715444592410365,0.07568657059868902,0.10465390298877812,0.05503654532331684,0.0287381443718169,0.12644617177457143,0.08275628164619842,0.5437710219260149,0.11685963953180106,24.0
Mongolia,0.09631776689801116,0.1691791754093363,0.024265167410914442,0.06655368447481216,0.0827303133014114,0.03955004393751906,0.09172405444665627,0.023898871971449583,0.03452412976811751,0.029642581732752287,0.10195073617761519,0.23966347447140476,1.0102309634941875,0.13021299762999752,34.0
Montenegro,0.07084712917048806,0.1388521863487277,0.04104553014876188,0.04766494121548451,0.052965651603944196,0.11744208339162562,0.03159700092749478,0.06198670418098067,0.024029368940842417,0.2710720077930288,0.029425937728311397,0.11307145855031013,0.9399484694757073,0.13740313722634256,10.0
Morocco,0.09160383290429026,0.030370184973485828,0.011626389335675476,0.44589373909318236,0.11252803239281665,0.010124290696969162,0.11379903893326046,0.015059757652718482,0.01874725050306677,0.016840932629359755,0.08877237888969844,0.04463417199547643,1.167307547463155,0.24471990770528174,35.0
Mozambique,0.025583594734201343,0.11732086069168655,0.027995762237711753,0.01286940544989225,0.02452686142084156,0.02048221692000592,0.023112769958813572,0.10327018802814106,0.1300774636956608,0.02621167875307274,0.14953272714802932,0.3390164709619432,0.6845999308540592,0.18248751172088545,21.0
Myanmar,0.1239219946400779,0.32990120060204786,0.014479615665730175,0.15494069194516347,0.10141274427917057,0.02105164596564078,0.04343744948578567,0.010264721268679484,0.018905068447779422,0.08079106598909101,0.05314130284398228,0.04775249886685116,1.2341330588506012,0.17311653039782376,33.0
Namibia,0.05998508169144285,0.16190438801231685,0.1395328510191338,0.011038733528935517,0.020932668355037966,0.0727741609562532,0.024176696772415792,0.1571488993858605,0.13960173893848898,0.1183935189060302,0.08059849528043679,0.013912767153647466,0.5706804696624374,0.12061240875192862,40.0
Nepal,0.041959983847502734,0.25176543476216556,0.10621041393540111,0.10137240910071528,0.046456131034368325,0.028167300043700258,0.16236136234144835,0.021769362252941477,0.06409775579858058,0.04689423986458456,0.04757131714764601,0.081374289870946,0.4130994476846477,0.1316825750554364,21.0
Netherlands,0.02130692290678528,0.027506082426089304,0.03041213044653609,0.05069302794229682,0.047301614607652795,0.03606448600427613,0.05593374456267971,0.03691233933793713,0.027020717111892065,0.016139932663242484,0.026682804551374995,0.6240261974392372,0.34227788835105016,0.40384572849470335,6.0
New Zealand,0.111682895806835,0.054617485769094434,0.0862778623407494,0.32482328655726767,0.040776496590838006,0.08613190433495278,0.0659813590775454,0.05074334327237849,0.06367939281469588,0.02554682124314519,0.013790946433411874,0.0759482057590859,0.8061982957998621,0.15508605554468946,11.0
Nicaragua,0.013476161821671129,0.0406277846091813,0.28501932201355235,0.11862608248676085,0.03351842247417191,0.1400803660332699,0.04243917528629053,0.01855636626104033,0.03797533615378815,0.08536697974843678,0.025270977581539514,0.1590430255302973,0.6869035653315891,0.15469475477300174,23.0
Niger,0.026541347981240238,0.12870359543375265,0.04154169314062638,0.12893745852804314,0.01971775823909543,0.014869325474030632,0.10406766814545157,0.024171018727362124,0.13563636824702704,0.012408832135606784,0.34799814600101153,0.015406787946752473,0.6688313322244918,0.1875351258816659,27.0
Nigeria,0.29546183534490444,0.10049248078074358,0.01780943900267142,0.2042469374828477,0.06541900237034601,0.02703028183610916,0.025896638092050946,0.03615501391290049,0.029016184819827075,0.12856840133072872,0.03469482518842919,0.035208959838441294,0.7015119701949484,0.16623369988034153,19.0
North Macedonia,0.15054025086179423,0.17550862759865973,0.03658835684559157,0.05329509573882563,0.11030580419647941,0.031161708332126337,0.051298243581201775,0.0525979355561349,0.08377702461303746,0.028925388410918955,0.17515135714492625,0.050850207120303574,0.6762924825741101,0.11730020512408339,16.049999999999955
Norway,0.05499306622131428,0.10460313436619297,0.050087231409271876,0.12898319490628213,0.032745329018982146,0.09625277723931228,0.23367579738454883,0.05970505345719696,0.011287893473301223,0.05411329645258935,0.05013196546530873,0.1234212606056991,0.4762542905356984,0.12241906068355032,4.0
Oman,0.12023467990714129,0.3336083787665691,0.0059241512196536944,0.012819338230922708,0.03958643812526045,0.047674382203248905,0.064297446557849,0.019306983157512,0.015871452208295073,0.023115591744501267,0.016755178067745038,0.30080597981130136,0.6621587536046076,0.22584842072961145,39.0
Pakistan,0.0977997233890131,0.014170687712684595,0.016533341147794305,0.009379446327996997,0.10480081758797939,0.04491344001816862,0.020572615093666254,0.010513938608687552,0.045550806991361006,0.026461718473228753,0.027032627642155596,0.5822708370072637,0.801437744489494,0.36620631267488046,28.0
Panama,0.028577117389625428,0.08923888209550777,0.04382401209936928,0.0596722551164886,0.021513788775904232,0.07378684515381644,0.02576546209293345,0.03447797335564422,0.06336079289483845,0.01297625176985455,0.2602168876303256,0.2865897316256918,0.8525444802497764,0.17605095915950855,16.0
Papua New Guinea,0.015763771122940883,0.2993772611867714,0.022702750260562194,0.05942219970569524,0.043320036120978206,0.017480387739751056,0.050230010190447275,0.014489965213254928,0.24062797906220812,0.06201766988751834,0.05918290789343924,0.1153850616164331,0.7124295624696004,0.1774012009004255,34.0
Paraguay,0.07977312597931768,0.06311450237798509,0.06147555855974428,0.13635243466566577,0.0348267437067753,0.1310970903601831,0.0346285105813701,0.023806390147705348,0.014592882780853281,0.014196416530042884,0.14468039241492903,0.2614559518954283,0.5939906589923246,0.1425897711145248,30.0
Peru,0.037524179616314185,0.15335908184234673,0.02247896534937122,0.0817281801849929,0.016453986567119168,0.018659770719077016,0.05256077753891356,0.02179504301709913,0.1816217683323496,0.0347475626515938,0.02032595630651783,0.3587447278743047,0.9056177933048359,0.19927323543156528,22.0
Philippines,0.4441023757319191,0.03539342361388009,0.015056306827055548,0.1986954370835446,0.01562997598005813,0.02076115208470934,0.017200040833028687,0.07989400862554107,0.09562475842639281,0.01680872430812883,0.01800841265090989,0.042825383834832156,0.9297225122871198,0.25712534332665377,36.0
Poland,0.11288784481555567,0.15510303763315814,0.1453400474484812,0.2696539051960739,0.054484346653021355,0.05057100990835931,0.026038517002372426,0.03722030981067126,0.025957110294459695,0.03603991254593664,0.0433490719635298,0.043354886728380705,0.32598211067122485,0.1439583377878845,7.0
Portugal,0.032263447738777325,0.2436570185360306,0.044451861328982094,0.09159234330286228,0.03617585433238768,0.03692990426038209,0.0641189668279839,0.22519515677439692,0.011137688280704357,0.07970060509416353,0.08031249806851964,0.05446465545480954,0.44952719035193006,0.14416413946870427,9.0
Qatar,0.04909549578397209,0.5755646703175556,0.018098020535473675,0.00937957087160688,0.022574045747793304,0.052862782499058875,0.029280147351357283,0.0959381416904207,0.013279012817677197,0.013677203774739858,0.010704228656843935,0.10954667995350069,0.8921235258922401,0.3599445411804437,33.0
Romania,0.0743621421818964,0.17858518359201112,0.0328845028435379,0.4164144912893207,0.031624042775613107,0.07022813326864306,0.017966557793594667,0.03741115507160114,0.01408264016365974,0.029978442131377958,0.018406718452235068,0.07805599043650935,0.7441447098641395,0.2270878502519051,10.0
Russia,0.16919141396995355,0.2941995612108585,0.055225541132656354,0.029470058110372867,0.014007586710730723,0.016433622515516597,0.039616561087870615,0.12148400505327304,0.020544366048307613,0.00895119646837652,0.2042622397062799,0.02661384798580368,0.8067039562198944,0.17882512729587066,48.0
Rwanda,0.025277805649720382,0.024837922889695264,0.22080505742396356,0.07249513440556342,0.14050126312821418,0.08309211754649568,0.0300648647138243,0.033745654623023855,0.23610146177401875,0.021063144556313244,0.10007057599239284,0.011944997296774373,1.0666030107717979,0.15029823745389911,38.0
Saudi Arabia,0.006393569774581904,0.6786818856382729,0.0065904306896993935,0.015382140375591574,0.03701232162346046,0.05856065388869985,0.03978601430205132,0.038402343138806166,0.015472632893024614,0.01999955194737957,0.025378652973896347,0.058339802754535784,0.4098423837162278,0.47347394573456436,48.0
Senegal,0.013054812176929508,0.1564953565980129,0.08081571767397813,0.046207164152553125,0.021360342764302213,0.0712110708854758,0.06689265195559013,0.05422667700845853,0.06360487609230417,0.03626345782788914,0.3286147887895738,0.061253084074932566,0.8477970739558937,0.1633701856008508,37.0
Serbia,0.1407546840128031,0.038616796524418816,0.08813747448513586,0.08286771188258,0.03214078645349345,0.02755704607368931,0.018672512251105975,0.02526467948565211,0.11093009125783315,0.026962361107801792,0.08354976292025067,0.3245460935452358,0.7926511541355921,0.16406098159454335,18.0
Seychelles,0.04478621058257617,0.07075093532870123,0.14093532870122932,0.04036611437733833,0.035513094601817216,0.02331640833778728,0.035376803848209515,0.3909380010689471,0.025195082843399254,0.05772047033671834,0.03413148049171567,0.10097006948156066,0.5700066276267749,0.19971892107759698,12.0
Sierra Leone,0.07479266614600766,0.2041258507196251,0.08126966417494143,0.09777678604633865,0.04107702034289114,0.02157164639815538,0.09528877979843058,0.08812897467365836,0.11083417010673507,0.1059987355424151,0.05088102941723381,0.028254676633567625,0.6117180564138357,0.10933284041304395,27.0
Singapore,0.01515726367396142,0.5077044266313634,0.016379558547722644,0.026521175232821277,0.020487061299063334,0.017903222768454165,0.050266792596000934,0.05975656352838926,0.004927523362851385,0.03952378261583212,0.03541291636731542,0.20595971337622465,0.846297819103715,0.3110629205843021,28.0
Slovakia,0.09609907423239453,0.0676958401524219,0.08093016439092308,0.1120349788710032,0.02504702117784997,0.20647304526246368,0.05573169838051736,0.028735435648159457,0.01799262317105938,0.03545763208676323,0.07613278292093115,0.19766970370551307,0.5560579226754735,0.12655999655742597,8.0
Slovenia,0.06326119221141707,0.04399353166603904,0.14703497773741225,0.05193717741399554,0.05669539020446139,0.04708592694326918,0.03580621580311455,0.061480185189287384,0.014097423742329931,0.018465764348847002,0.016636023303723727,0.4435061914361031,0.5023244635816048,0.23826173531470343,10.0
Somalia,0.052305557413228114,0.07003611315455092,0.036163311710024744,0.125459773958403,0.06783755768073296,0.1207533605296596,0.09711261954122918,0.12949742526583294,0.06390858021801646,0.12080351768875812,0.04617802447669364,0.06994415836287032,0.7082891092932228,0.09577501255868895,5.0
South Africa,0.1503593315021284,0.2025906492748521,0.09056850343003514,0.05602989063723151,0.06896576681319394,0.029357372143760392,0.018090482520948456,0.014526696836771089,0.03143976941640766,0.14247094544831324,0.06560984450198482,0.12999074747437314,0.9876261173051328,0.12363800049431076,45.0
South Korea,0.025390023180958426,0.037317076639377285,0.020322447605819412,0.3107101716528639,0.0351838596058763,0.038426349496797796,0.03588782122693162,0.1387065120005309,0.010817780600998342,0.10064043915827996,0.09588573541472108,0.1507117834168448,1.0783083320623532,0.16438658891527852,12.0
South Sudan,0.28937897942234936,0.04364676571006736,0.02812894097382424,0.033880840330964904,0.08429454646119774,0.02783673218295346,0.06623911906739258,0.0374950016917351,0.10561040878471901,0.10737904093998953,0.06325551351850142,0.11285411091630525,1.048380001806118,0.1406794600367896,2.0
Spain,0.02149974924227557,0.0905736900634526,0.02937136128736835,0.23134689605547198,0.02932339024443427,0.04781404679357188,0.04119840387257147,0.38757986088397545,0.03094132269248381,0.019894899805935326,0.025158631516975206,0.04529774754148405,0.5359758770542872,0.2221494122186477,10.0
Sri Lanka,0.22418078831417812,0.03251085267233029,0.01699021389181091,0.03371110326123373,0.02017722074006996,0.028046831240863945,0.03247832555609984,0.22730534309927472,0.05220406992289122,0.12538357601814754,0.05080735555195589,0.15620431973114388,0.7678544111493605,0.15208287578614638,26.0
Sudan,0.06316002399453148,0.04763333007826123,0.0405256476430953,0.05676729489558194,0.03669280024552544,0.01954089533083158,0.06223581602332492,0.3405340178284949,0.06404586861598985,0.08679882259392045,0.046377802268320244,0.13568768048212268,0.8355294271024237,0.1648858549950096,9.0
Suriname,0.05446823914972409,0.15089330010946986,0.007142551113357496,0.013455540522164387,0.12677950610032107,0.051796379857298,0.01859807797507465,0.05381409000620308,0.02396011397780426,0.12082820807841593,0.026232094724024813,0.3520318983861423,1.0590162468202138,0.18775352082630592,41.0
Sweden,0.06985281562681418,0.04565789024348598,0.0916914250589079,0.0923573404364307,0.031588293549158215,0.1799166752040433,0.05491240651572585,0.056910152648294236,0.01931154594816105,0.034678823890994775,0.05050712017211352,0.2726155107058703,0.5231935120160912,0.14196896522280283,5.0
Switzerland,0.0857964827618208,0.10721080228295671,0.018966637279012575,0.2790009744327409,0.05840796250754025,0.19702101990626886,0.02282956707345367,0.12425177485963529,0.011379982367407544,0.015242912161848638,0.02246995499048768,0.057421929376827066,0.5785110661007896,0.15940896192275483,5.049999999999272
Syria,0.09976347235171976,0.1566688212514515,0.04421522585959353,0.15265614542875286,0.02042517775324475,0.03856802100434159,0.013113413148305983,0.012232512112389245,0.2129706957402143,0.13284588235967076,0.06680118521230288,0.049739447778012945,1.514012621693342,0.13192398770541242,23.0
São Tomé and Príncipe,0.1755458669535052,0.215822010778845,0.038188178766338746,0.019387446966247508,0.01568321516464856,0.018406572932959823,0.22915448830640492,0.016698981950108535,0.11980361842147773,0.010688813082111262,0.12406527270839696,0.016555533968955788,0.9960967545695006,0.16273853782180742,39.0
"Taiwan, China",0.08389655210557172,0.027078747386701765,0.02703726646239616,0.053031979027244665,0.024277402298596283,0.08412607988672942,0.06784896518920833,0.0696990144132385,0.021279714168777584,0.06815315863411611,0.015986748227381834,0.45758437220003756,0.956037608692363,0.24318003192694002,12.0
Tajikistan,0.0627880638566072,0.180937529642078,0.02951865265255885,0.1496789227254598,0.02410222359869398,0.04368913731410489,0.05218605682364921,0.014323052079773902,0.04651134884454466,0.07661570038730411,0.14545903364825838,0.17419027842696708,0.81635862373763,0.12490790829337459,31.0
Tanzania,0.025171647667146458,0.06969597424156557,0.12627952114187702,0.056745289406242,0.02724295479735795,0.03012422827509767,0.11403222813467005,0.05080093885882512,0.18407049465622818,0.06357358155583752,0.05209989417777131,0.20016324708738106,0.5653458314499081,0.12259468989166064,18.0
Thailand,0.10684009878918128,0.23341749450197127,0.1578427689024482,0.0953841606676786,0.06411177404730058,0.02055686639915438,0.05142397691579374,0.1222761588441866,0.013458773551350837,0.07619240846220512,0.014766277421261718,0.043729241497467645,0.856235732538258,0.1301565112047022,32.0
The Gambia,0.024917009468451917,0.0750855593555988,0.09239417904470103,0.09327516892937252,0.016554903359671563,0.07781259961490991,0.0861087336514783,0.17408687062351194,0.044992369424922025,0.09825810376414458,0.1558295375065826,0.060684965256654705,1.1724015761246405,0.10718993609287916,27.0
Togo,0.23363482203201869,0.1612338740802965,0.027713791230573364,0.2054163181121999,0.032645655017525234,0.0408590244899171,0.0950326840760527,0.03014479491026069,0.04670775388882,0.0388925660536183,0.037264911291069035,0.05045380481764853,0.5012423821400172,0.14384913456637194,15.0
Trinidad and Tobago,0.03428341852108119,0.4318088818457098,0.07902868607508924,0.02634620201524204,0.0486078561207459,0.15075999375041854,0.031023468170534224,0.025675364000922567,0.05039469083171515,0.01495683572776625,0.019294342888745052,0.08782026005203027,0.43374108597787825,0.23213489963803235,21.0
Tunisia,0.028737999926783643,0.10029187757528356,0.07852686371937916,0.33825141914793594,0.019408725646119795,0.01710531591403935,0.02860667535578209,0.027008699381205595,0.1142477281139758,0.04417909649857315,0.035232755369635084,0.16840284335128683,0.7259190776483314,0.17828712705583272,26.0
Turkey,0.20536724516937918,0.27584569183668994,0.06808076035341788,0.08140442716811326,0.03992905446455416,0.028358188355850203,0.11216030183785632,0.0342953034845743,0.0599713847233825,0.03326262053041908,0.039538009687626934,0.02178701238813616,0.6688664960942813,0.1524237362019578,47.0
Turkmenistan,0.03896191003431039,0.2734602269365351,0.09385549756552652,0.11351142909712525,0.015954372771506405,0.06273115745089917,0.020915113999174863,0.060590506728743644,0.07202993830938036,0.05424049047730594,0.08075485293867332,0.11299450369081904,1.04072842908517,0.13371006369110644,55.0
Uganda,0.15593344284000854,0.04541387706259886,0.023503308745114443,0.06713747150379627,0.2013902546445696,0.15712315068986438,0.03343646904682103,0.029389523368964554,0.11392664530086176,0.04202064745590879,0.09589405367673741,0.03483115566475446,0.5422550575078424,0.12381885937999611,19.0
Ukraine,0.20168807082185977,0.09629447114021587,0.014843559113922615,0.04257548843639528,0.29236697962747804,0.014811084317972584,0.02018901362188822,0.018776617734537617,0.024516924523419484,0.035056799964535465,0.22066159922390394,0.018219391473871194,1.1803187759768035,0.18929522959609502,35.0
United Arab Emirates,0.015014137414592066,0.612225702860189,0.033789685179819375,0.009890179585167093,0.04453793391043665,0.06800301609231994,0.051358132775215316,0.04798637701236904,0.013338208160942267,0.01783747507143322,0.020594903069276024,0.06542424886823996,0.6389115678685585,0.3930342476636023,30.0
United Kingdom,0.06915284365562337,0.06477240778865077,0.04919147855581655,0.12102881292908774,0.052284084416350005,0.11110708034426779,0.08230322048193864,0.09629703527021757,0.05705449697541334,0.1966570835184967,0.027253022319363704,0.07289843374477387,0.2631419820761907,0.10515683659844491,5.0
United States,0.3076192403474067,0.022821790969575075,0.0263115508988713,0.17073392335743814,0.01839454523678744,0.1321400694648071,0.05466946398113465,0.029429620421496917,0.010838905247855553,0.1923828245992971,0.0101161739015516,0.02454189157377848,0.8890759058909059,0.18448028605767364,16.0
Uruguay,0.020767086914472814,0.17523861141704972,0.09960146485904584,0.23969042048813713,0.02408116890381703,0.10553846995323488,0.11951579099156436,0.10468073680520505,0.015101075771400439,0.01239859480934705,0.04160875932007865,0.04177781976664685,0.6950445563661599,0.1393305873157113,14.0
Uzbekistan,0.09588586134062753,0.18028987852940467,0.030194628102517627,0.08201183144639837,0.016551724137931035,0.02458092239963098,0.017361959714815207,0.03663345984834385,0.021239307593328427,0.07796486173716709,0.06903381916176388,0.34825174598807146,0.8671711047823618,0.18443239873671624,37.0
Venezuela,0.05220437028739572,0.020309451637089443,0.14565427634074918,0.0728411240674461,0.09152917618886555,0.16212741248686613,0.01647731583949463,0.08080151086270157,0.08149887662702603,0.058255923268545944,0.10276483501785692,0.11553572737596278,0.8565992407885887,0.10506697684700583,44.0
Vietnam,0.018579606793680724,0.41053377833868054,0.007318640047440207,0.18635980050785353,0.09998327428649628,0.012221554883148087,0.03905986284914928,0.0909346632809768,0.02656043304392781,0.05632726139249168,0.02151915094196178,0.030601973634193445,1.0654393508881987,0.228885301722771,39.0
Yemen,0.078814605327805,0.06465026543158096,0.0824815156562691,0.04888015434576807,0.11067837841076586,0.05502762166113435,0.05225946386415655,0.06582463540605639,0.1242435499526657,0.18848638090330622,0.05591439082553416,0.07273903821495764,0.3976679694384125,0.10130650780289441,5.0
Zambia,0.03552653085576529,0.03566387889507542,0.0357446718593755,0.024438628732091152,0.028192394150340794,0.07224382570844555,0.06598858581859741,0.33140030987209235,0.13582478119090072,0.03306172396027224,0.031135122503885834,0.1707795464531578,0.8980820327180906,0.17428011319256487,26.0
Zimbabwe,0.08949547210496041,0.058733237148961094,0.05857292986189475,0.029710283869629314,0.1934542238874622,0.043687402885740724,0.02477847733223528,0.022689243800141867,0.020192431610082388,0.018991698597154074,0.406813793132352,0.032880805769385915,0.8316816739860128,0.22358145096814314,25.0
