,Safety and Security,Personal Freedom,Governance,Social Capital,Investment Environment,Enterprise Conditions,Infrastructure and Market Access,Economic Quality,Living Conditions,Health,Education,Natural Environment
Afghanistan,0.008819818192405113,0.0017951116956020398,0.004104136562917304,0.0076905200805263,0.0023107658414104927,0.006758442813626621,0.0015884451346614304,0.0023339354025910947,0.003328400651131165,0.002008936776608447,0.0016333813516786928,0.004942243509259446
Albania,0.004192793270513917,0.0023871148234444334,0.0007977226052929293,0.011870354191725219,0.0010268560897406624,0.0009020200750246184,0.0016815112234717187,0.00746925711024661,0.0010161346463341886,0.001124814974424928,0.0021377830962164245,0.004844359984004808
Algeria,0.005918209798747576,0.0020380007380361095,0.0010386690048695777,0.00784680177101385,0.002681529036997171,0.0028136705360569843,0.0026212569531202275,0.002091551226669739,0.006864528745580731,0.004583274191580333,0.0040264190152988905,0.004962019036301779
Angola,0.00994923499428231,0.0030843046798036226,0.001882070512442071,0.00539156602061467,0.006924544725625495,0.005301267673536517,0.001638665214631416,0.007004817589453573,0.002429938128607062,0.004114426944776442,0.002393375602135338,0.0033507992708557525
Argentina,0.0007462566547497941,0.007216923387232621,0.0006663843295711784,0.004467889375172,0.002681163494004709,0.008139944238906932,0.002181955383927344,0.007945378229480327,0.0012047076128427862,0.0009009499096353756,0.0011356548791860138,0.004027943644206659
Armenia,0.002059253409188999,0.0035464867704571787,0.002159804800002557,0.013443147519103943,0.0011704301638410242,0.008297304346419412,0.0013170709794012702,0.0031931525561639668,0.0009169078763999897,0.0010834023994280417,0.0022364614234085985,0.0015894111548101601
Australia,0.0011363040505527264,0.00230083080683555,0.0018623954185565915,0.010185310988500812,0.0028518624478268834,0.00625938668430033,0.005659966485174597,0.002717136292313155,0.001047971479454581,0.0010145627368143735,0.00349728739248268,0.0013058652596576112
Austria,0.003361146145152774,0.0029510222270517847,0.0016706110547472577,0.0022850176682111256,0.0021208179983093906,0.004784966637721273,0.001787234943774519,0.00449814975168962,0.0014858342866487448,0.0015181498725835522,0.004955870023657792,0.01039595998121029
Azerbaijan,0.0006847795245604341,0.009560959162858512,0.0017817487807634813,0.004442005186022925,0.004391707149448712,0.004284156252410125,0.0023384088303316855,0.0027691505567579017,0.0025769403618791722,0.0010239599270321052,0.0022129609507199784,0.008574773458988771
Bahrain,0.0006078766451321242,0.010427420493815509,0.0007924855982265125,0.000932328295430677,0.005050915685413805,0.0009999071712893694,0.004102214405212773,0.0015886941683452074,0.002425831755729947,0.0012347989177546835,0.0011802610200738108,0.006609035539049506
Bangladesh,0.006424129037005913,0.002306561120921251,0.0013532401722337155,0.0020916538521825526,0.0020623444508963903,0.005435643975338286,0.004749046040466394,0.0032539756149472625,0.002432507958057998,0.0041999744272984835,0.0013383860699133377,0.009467953842124344
Belarus,0.001170473343739516,0.007950176033687834,0.005009523073716118,0.005888988146555037,0.0020082278294301474,0.0025398583313887557,0.0007944038113714778,0.0031885031515014803,0.003257165449848408,0.0010098494223916461,0.006173690750370775,0.0051343915493266765
Belgium,0.003412755889680121,0.007305892727618252,0.0029833689211930248,0.003437928772159128,0.0022865835666513873,0.005213932772963233,0.0015925705609803782,0.0056068515915016215,0.001093702387665282,0.0018639055130135265,0.0012987400932486654,0.006930589917235372
Belize,0.0013635891737267848,0.009382051922388668,0.0010177622612257617,0.0036970600379884998,0.004878868673369861,0.0025040159762334604,0.0010579403463414853,0.004696735679323466,0.000891812743160067,0.0007545622096470977,0.0033493711981990096,0.008452936849678377
Benin,0.005888494713582784,0.00727434346636989,0.005305970068843542,0.010256080857681912,0.0012260141299050027,0.003484422671453595,0.0029289177543645323,0.0009828793052553148,0.0032255472399477063,0.003216300336586868,0.003054515569579662,0.0012221012298206466
Bolivia,0.0010626134788852895,0.005653631565364192,0.003411961042645909,0.002651708878215576,0.002478163801764896,0.010008340105501917,0.0021178321798391124,0.005623990431679729,0.001169778449435898,0.0012640973990894703,0.0013815351853406314,0.010761587724921945
Bosnia and Herzegovina,0.00696378134673932,0.003795210290133501,0.0075858571874136,0.0008672607484245861,0.0010056686153704962,0.003925771933000338,0.0010793309178354568,0.0013237751949563333,0.005733196252367435,0.0009544980814268572,0.001071535472151202,0.007494549384602117
Botswana,0.0016975748354046173,0.004174574308863928,0.0068689312592932344,0.003313633219978185,0.0026894628959347466,0.0011734486573863091,0.0013067031166200081,0.0026980496390114003,0.004523444113953758,0.005663817802775792,0.0021475375298456757,0.006605874416644453
Brazil,0.004952575395853996,0.0026020550625478027,0.0008647526275385904,0.004367263754596069,0.0006373508040709765,0.006679142728352447,0.0024193141851590015,0.0012842844471563242,0.0016026495551259984,0.0008476141304346605,0.0020969554363395836,0.010140728401191373
Bulgaria,0.0032384587109477447,0.007774434216855836,0.003659171323799504,0.011172820611815598,0.002570472025062661,0.003351951566794492,0.0021803189639115726,0.004844395153453161,0.0017490603671901882,0.0028926117813743435,0.002413566021590912,0.0037283285938259705
Burkina Faso,0.004122422058832287,0.01127758635333484,0.003968155973093211,0.0005725482854900162,0.0009797941811134645,0.0006444016609438302,0.003872073714124513,0.0008987789733810765,0.0037591960023358115,0.000993081688681497,0.009659811212779118,0.002896324143046077
Burundi,0.0033293382817370445,0.0051026725851142166,0.0018236960284466908,0.0020671171537443005,0.0021188005953489165,0.010903513208849552,0.0029993203712618093,0.005142949230625346,0.00874229711776274,0.004146095897193312,0.0017425590184848606,0.009637515204082153
Cabo Verde,0.006024371770010514,0.006575005671489095,0.0056096574923188425,0.0008828736198442768,0.0032130434844057157,0.001230514758721886,0.006168603714296048,0.0054211722877628155,0.001382576270129653,0.0007019994582951553,0.00237123403844201,0.0012121621254234816
Cambodia,0.0014689269969002904,0.0042142280086660475,0.008613487534078479,0.003374902230760937,0.0011394808364819427,0.0020076131536375004,0.004364011897827071,0.007865518907241215,0.0013626716393925539,0.0031142358250164925,0.0013930906584816091,0.003986848570740699
Cameroon,0.008784427519212212,0.002399930880097937,0.003937537440742156,0.0011555310792236827,0.0015097634998046446,0.0015745518518863848,0.0012920762227379267,0.0051472031359146644,0.0011135088015358317,0.0032698539223547374,0.007302691296578734,0.0017368764609619128
Canada,0.0018378679289176407,0.0035379570217632175,0.002083926709022639,0.007200291544112655,0.0012977376099418628,0.0020886660450432012,0.0016693549103196578,0.009095380070154535,0.00202250028992069,0.0048121735236711025,0.001033534518722819,0.0019688447707467416
Central African Republic,0.002302454344252646,0.002940937138579347,0.0030861315143157035,0.0017551506708189581,0.0017725763300207326,0.0024654796358692995,0.003279569245906791,0.006280885498407794,0.008914847982173749,0.009567450995454335,0.0040948113583885795,0.012667770892691471
Chad,0.005612281459442564,0.0037680201550316372,0.0018857831974717233,0.0026177974515744704,0.002190257849474471,0.0012638880508738046,0.008800609191536246,0.0032830924457638924,0.002191371069281616,0.00605753092549461,0.006388758007810684,0.009171716488518222
Chile,0.010485497730588461,0.0038911103018342413,0.0027076836222602735,0.004720091918216748,0.002055220143977958,0.0030689469904540273,0.004127112409132626,0.001976212628101732,0.00162312203259702,0.0032517458098376174,0.002707137598946356,0.002521150467459276
China,0.00042741464752418107,0.009714614137232347,0.0004006675315672277,0.0014570737061375266,0.0008954236471570747,0.002129968763214831,0.0020526756241030977,0.0036143140625755146,0.0012923984904963312,0.0023433816278797537,0.0012287363604225297,0.004118964049124034
Colombia,0.009559017413342641,0.0015550828991907559,0.00041726421339751156,0.0011063731393635631,0.0019098514006519948,0.0006910275210033805,0.0012045885889727468,0.0009436102417707537,0.001032410973605363,0.0030212011086504023,0.000983768954606866,0.005661228053332842
Comoros,0.007858539503032794,0.005233875477402727,0.006274517559630113,0.00524468779443079,0.002085497577658073,0.0022285054809269463,0.0033527045781697115,0.005954762639083275,0.0017576599386765757,0.0013802401628099491,0.0020380922838196067,0.004942548116699801
Congo,0.0021100094937218927,0.0031448177116652695,0.004908903203606638,0.005742061728550393,0.0022510233468740933,0.0033068167533465177,0.0016539044058687963,0.0035659084292255297,0.002013696562618683,0.0013111448429284477,0.008765171438147479,0.008805088138320122
Costa Rica,0.0018014236266213155,0.006595317494651337,0.0023014232964095535,0.005880810584776547,0.00400429829884312,0.0019744695861543538,0.0041297582509790265,0.004957878390347559,0.003755387494756658,0.0014099532454178807,0.0024025412554891795,0.006719221155603028
Croatia,0.004671685824087106,0.005692297683672062,0.0028512985959251932,0.015019821123647248,0.0020061147937195083,0.007527942935538781,0.002874515766723793,0.0014667461380605748,0.002008851862853536,0.0014968499658119562,0.001182483889119016,0.009457495935844815
Cuba,0.0005058748206229679,0.00774089432043322,0.0024138535948991825,0.0058532081048122755,0.0015328979913066115,0.0077410128791528116,0.0010430114706602295,0.001954023614687321,0.002748672866531493,0.00522708454249015,0.004976247944507704,0.001326639440232964
Cyprus,0.003994796260603145,0.004590192650929491,0.00462018435335064,0.005679388953930019,0.0034482140939093436,0.004638378023171921,0.0027304083077438167,0.004910332191398248,0.0021775893819729226,0.0043095574916516555,0.002846602541836215,0.0035157428635398877
Czechia,0.0046567429131631685,0.0046798674090380715,0.0026085626147065374,0.0018017137007546244,0.0018087278452552785,0.008507824776675249,0.005908717590756812,0.004270329766936629,0.0006945651889395986,0.0014734010330608484,0.0016901426374240462,0.0033123442318239993
Côte d'Ivoire,0.0015376882537857916,0.008465707421466753,0.0029964017446987602,0.006374473443898798,0.0010613627332598675,0.0013529633440848496,0.001398924864770064,0.0032569722183496894,0.0015898018118431102,0.0071835950858012,0.005117703944327756,0.0036393071228784726
Democratic Republic of Congo,0.0035656829661486616,0.009227355486453093,0.001956608288322328,0.0018912630873651852,0.00860739499277513,0.0020179106053781135,0.002617537865874736,0.0027162952574576044,0.00454026300354074,0.002164786926896086,0.004303524511102691,0.011290881052853335
Denmark,0.0032296179699127722,0.005990598530532125,0.0035586009242797798,0.009076572732210353,0.0031642006046887113,0.003974793802578459,0.002873462316198498,0.003373933239884639,0.0031105123762045096,0.010664535530854266,0.002806501116051248,0.007400726812695324
Djibouti,0.005048211217427351,0.003329532444804245,0.0016417366381532641,0.0049594983803677856,0.005404649740698243,0.0018911065047415559,0.003355938827900279,0.0029852442600597044,0.0022943189866263328,0.001408805418968857,0.0021405375778304862,0.01038314714813443
Dominican Republic,0.004886383124782442,0.0075547196278538675,0.00181165568870165,0.0033361532998557007,0.0015931954620199522,0.0007411936233735553,0.0008300131240877966,0.0012874353776644778,0.0025591888053935266,0.0021674154019239167,0.0072202985463108715,0.0058798098048247205
Ecuador,0.0012587180959992925,0.0064285765667890515,0.00361127683461937,0.002429949637796601,0.0027542461375790195,0.007112302350355246,0.001308363823525711,0.007137144210738328,0.002088300000273432,0.0010800879233378233,0.0012743129287159875,0.00931309476740437
Egypt,0.0030031192436463204,0.006627327246970988,0.0007947404916882105,0.006264105319919777,0.0035267755101280676,0.004791381027255293,0.0057871396541434375,0.0006083795516721993,0.0044684930352671196,0.0021248342503741822,0.002021198872447942,0.004464096934897771
El Salvador,0.005539168287221133,0.007723060682906582,0.002565530289213906,0.0023770099984860675,0.0016386681387684423,0.0013528515751275172,0.006855044242569844,0.003152705898208121,0.002644977963676482,0.0013166684390133916,0.005741176728353385,0.004596812146661321
Equatorial Guinea,0.002834898206201048,0.007241619997595858,0.005470585560710402,0.0035721085452868444,0.0009781049047277186,0.0037988960373795677,0.0011342300685438303,0.0037052624115404484,0.0024434910554345032,0.004782341709086063,0.0009013567079572422,0.008119125672065505
Eritrea,0.006211132380983073,0.00960821201449899,0.002623901221404476,0.00256321815405771,0.004733152991188427,0.0018979355349503617,0.0025206573928695623,0.0016145572672288944,0.003763345363779022,0.004009857484913296,0.0014970457892354554,0.003802509309250822
Estonia,0.0018194873682724367,0.006033900572454634,0.0017314109186778465,0.0023321390852892032,0.004715382429584122,0.003298618119905554,0.0051119015955604155,0.00413423529334004,0.0005813160565691679,0.004896505140619324,0.0013038354338575746,0.008327406977854598
Eswatini,0.002194818193625339,0.007327922429947439,0.0006892213291931773,0.004899942873273978,0.004686745789275984,0.001078777393649184,0.0032511996745455754,0.0038344989868867307,0.0032711650157855043,0.005430951621345298,0.0021986232508936186,0.004777377961726628
Ethiopia,0.0057154409789465024,0.0038023996115503084,0.0035075469931032874,0.004598099504674678,0.004861414656926251,0.0015311019159576413,0.007494852614976011,0.00465759307900325,0.0031044983653309155,0.005432238352385037,0.0027827410015943688,0.002815293611666554
Finland,0.004749406764438177,0.0021213100508926976,0.0037095452135059437,0.004205166206881494,0.003586583310651252,0.001825880922973283,0.0015310354410431118,0.010191350037915603,0.0013324017578207285,0.0027100651925394577,0.003096984773411176,0.006310673138711906
France,0.006569810044110128,0.0022629262694542976,0.002146465686138771,0.004224776248006441,0.0023223626540922852,0.002608976924500985,0.0025992380362101428,0.006228157260521797,0.0010516795767242463,0.0014985017038697292,0.002626868048045825,0.007368133671644017
Gabon,0.001453881475088594,0.003890674262236035,0.0035770183657800325,0.002430904121335148,0.005845672867313537,0.009048760000525416,0.00251917622274549,0.0015196226707538552,0.0053350407578312345,0.0045796493306234365,0.003942686890613459,0.0044053894310834285
Georgia,0.001197753543893225,0.0035217889133575125,0.005173717800114615,0.007040872553904717,0.003851737073876038,0.0025271917060932063,0.0021251613895840425,0.0025507742167883464,0.0011061100246244644,0.0032084394552954545,0.002941943427823647,0.00982394601287545
Germany,0.0032309939571640127,0.0025167358024808274,0.002399583920732515,0.010169452677537938,0.005731944677235999,0.004483215126779259,0.004081465437798505,0.0022710293976114064,0.001776167685961668,0.0026330297314318407,0.002236584311631075,0.004730764771833422
Ghana,0.0020747635862839488,0.00790284978585637,0.004410254486006494,0.002149878695477508,0.0008692110260758758,0.004887342812457576,0.003710555993055621,0.005465425388470828,0.004093466875640696,0.0024914556444558637,0.004668245161019123,0.0007871460951168977
Greece,0.003289045255142394,0.0039226705919240615,0.0031268730843271655,0.01019810333259459,0.004375209887048238,0.0014664997371969229,0.0028226636183491735,0.011766770652910624,0.001874160600604578,0.001188258730739026,0.002538221020610784,0.00545081643049404
Guatemala,0.002173059313961386,0.005456336606592338,0.007454376916327388,0.0011947578162154384,0.0009804912111574162,0.0016070677344844474,0.0024690689884312583,0.004779925912531027,0.00502409874111974,0.0009569182895874558,0.0060691261528909995,0.005170690669857238
Guinea,0.0014524563473677296,0.002774622376064139,0.000648610206267817,0.003732677086235623,0.0015726332099240455,0.005999530603443104,0.0012122730850816603,0.004799230806076062,0.004248997116099232,0.005883056845187279,0.0064351857976396865,0.007637951795786441
Guinea-Bissau,0.012092240357359868,0.006024836805030007,0.0010198825454711923,0.000888955822456179,0.004265232959202701,0.0016255884825305232,0.003821710528952152,0.0027828904925947355,0.0035360308291656796,0.0027561497952753797,0.007016041072793799,0.007525583332918445
Guyana,0.0008330010440482337,0.005752476748608584,0.0012592855209718219,0.0011253897301199446,0.002438821194018243,0.004244727944656329,0.005400791301636072,0.0034600284301707016,0.0011628599350355078,0.005760478905073599,0.0018656952770056898,0.0088674014044825
Haiti,0.00693038430953976,0.013708392265711147,0.004292686165859927,0.00304199075004339,0.008167563753818968,0.005013139572749667,0.0017604393291627187,0.0017323795323850016,0.0037775729128811386,0.0016544689639503857,0.00470832985556989,0.001919878983273858
Honduras,0.004870640180133716,0.00421305527019588,0.01002590246428807,0.0069100609623326675,0.000890947345752768,0.0011391991303594893,0.001951064527367076,0.001005298689224339,0.002016704130836395,0.000704364741639975,0.003906124255497974,0.008278742469063488
Hong Kong,0.0006604506881003102,0.01006261936108771,0.0020487684973317793,0.004778830156041254,0.0024989914102806522,0.004402755751885229,0.0021171660069347203,0.003954750335065552,0.0004619466615024847,0.0006991749189732459,0.0009601356688129893,0.0015456613135416339
Hungary,0.002748424376140028,0.00374841030176129,0.009438828736927946,0.0036462273349281843,0.00130784097755152,0.008799000897759937,0.0015673845812126577,0.0039694464704585,0.002744549546757652,0.001123312088801058,0.003085867688494323,0.004616156918510549
Iceland,0.002235575949520424,0.003732481773305131,0.0021335004519727856,0.008812591500815037,0.003076545725442678,0.008270510073055723,0.003234324070913376,0.005674823519065009,0.0011072139704969165,0.002348899293846799,0.0017856830155845455,0.003248113121430505
India,0.0043566666567545695,0.001157146995245814,0.005365840081249955,0.0018291847725321123,0.0032756000727223386,0.008025043958964265,0.0024722692002960393,0.0014402078220256877,0.003611365667714181,0.000832334454404152,0.0014141440463397142,0.01083985978814811
Indonesia,0.001010472337524963,0.007575168361654568,0.005193691682612238,0.005230872614015718,0.0013704387908575148,0.0039515675229242556,0.0012338581378349579,0.001964821236100641,0.00855167143522119,0.0032285869305581603,0.005558544905662037,0.0021622094954861157
Iran,0.0006240737888547178,0.009558291320039547,0.00103348639290954,0.00028446228540608253,0.0006253459955330451,0.004191019367735617,0.0026522320869534835,0.0005289757633007717,0.005962544395046024,0.0051140787307056915,0.005010080629357122,0.004118945414786794
Iraq,0.0073089433375265744,0.0011276645376514724,0.0003652480877351077,0.0011824104069067774,0.0008273263074588819,0.000879692232586906,0.0028103121645294826,0.002154668870982226,0.007161495219758132,0.0026823117206339724,0.0012501824481965327,0.011410619387191484
Ireland,0.0027450985441226684,0.004352135732470314,0.0016755697010035799,0.003914120997721586,0.001579845297600897,0.0031998399992333865,0.00817562122709009,0.007852235687475478,0.0016287782501096734,0.002253724700833716,0.001661010530465525,0.002029266803101327
Israel,0.011025669457062348,0.002025462778531051,0.0034325676044582275,0.0025273522754676488,0.003794892382632739,0.0031829485622553375,0.0009452727835054164,0.0026661116434358798,0.001924933307314844,0.00273876792065203,0.0011881255370929135,0.008176422029341296
Italy,0.001942863724883906,0.0026484326487005196,0.007632373239715565,0.003824478604225752,0.0019503571325162304,0.002645521418318676,0.002482358838706459,0.010323563941100927,0.0014826900619725504,0.0034079703684373776,0.001763379561492022,0.002656007514928116
Jamaica,0.007292581984868776,0.008162868859163508,0.004580336927303856,0.0023979857292357847,0.0015913859933067518,0.003234227927434462,0.0008627582717124823,0.004869264462157408,0.0006658137504653109,0.0006086523745586865,0.0011006483368420448,0.0039003770042227506
Japan,0.002268444080209934,0.001642423646836635,0.0020552182763445455,0.011934302123926543,0.002471310213941702,0.0024498251388889274,0.001686420876854118,0.0017863722672546087,0.0007259902708252135,0.0035978281396224394,0.0012135778071027063,0.002271421374312979
Jordan,0.001649851694356115,0.002907425613137702,0.0014245510283415874,0.00994306330296682,0.004434767440851757,0.005759261601327906,0.0020437153447637364,0.00358888374494052,0.0027128058657529576,0.0007880163010104031,0.0011940330829905508,0.007069359648654502
Kazakhstan,0.0010627585618055626,0.00782200109838807,0.0014007069756753372,0.003425042643684425,0.001206563002825279,0.0005158489011377661,0.00242932102227102,0.006781534993139007,0.003291872371647832,0.0007456672035347795,0.007333871648147569,0.00403810166490505
Kenya,0.009308946063617068,0.004397141193281995,0.0016737245821450836,0.004173044697667369,0.005056145144655015,0.004124696026318299,0.0014634707526932893,0.000966885968725374,0.006762169305526533,0.0013385282092125469,0.0015729262509707343,0.0019419993394459677
Kuwait,0.0037617718697676855,0.008584310636424827,0.000714000934747913,0.003189250385789804,0.0014763638509552608,0.0006585088768595749,0.001334027854309203,0.003182122126006978,0.005088092780391615,0.003147507274785067,0.0009086132016563192,0.009278739324387567
Kyrgyzstan,0.0072123776873248,0.0020048492478827347,0.0042518213430668,0.0021282319200687065,0.002285117114540422,0.007619490017729533,0.005769089198454674,0.0021047139126014122,0.0029720922837077127,0.00343739388923614,0.0028581120668691243,0.0025407954325920683
Laos,0.0071397378456489885,0.009696807970215854,0.0011274361370189456,0.002535994093906469,0.005952138867183029,0.0010217073593278402,0.004012247168701813,0.001839021965677987,0.001673076558996938,0.00129173518935774,0.0017337413908051214,0.004235073352908174
Latvia,0.0014760242851395086,0.003939742843600602,0.0014756255516424795,0.005086993211078007,0.0025810536457883046,0.002511944487068162,0.0019653954700560756,0.0012809947078773459,0.0013686917278139393,0.004608838672854179,0.0015942801318417962,0.011702424618720064
Lebanon,0.0014164554387366551,0.0025606400249341237,0.002593643155051336,0.011100740440468465,0.0015105790251498108,0.0008207235276001743,0.0020581404593110163,0.0070553389985902465,0.004300735870520836,0.0023302991509000937,0.006575626478365251,0.0006333389327146865
Lesotho,0.002958960421740542,0.007936346412668271,0.0036500893230540232,0.0008371131584209148,0.000934191222267771,0.0008833082008636054,0.0010271037095840752,0.000558200798702788,0.001404538169518129,0.0080381291828715,0.0017003412995199967,0.010274855649157172
Liberia,0.0017229522077398876,0.0066085648684752404,0.001864319962420067,0.002720383573278133,0.0023559168644203057,0.002147576102078077,0.008174143871919393,0.002597162672709215,0.001700761440989497,0.005182693659812471,0.006641928839202282,0.0073282967133933286
Libya,0.007002248171683684,0.0009958472217969153,0.0047289966920393695,0.0009741954273497578,0.003236175140919815,0.004207785635038971,0.0009007285360048073,0.0030654725265396587,0.008381239224993148,0.005078674613870106,0.003338002057304293,0.0049249735751049
Lithuania,0.00349575120791195,0.00412243657068986,0.003774557800104744,0.017516735266367933,0.002241878904506566,0.0019472651089361727,0.0015022138501591762,0.0017033796953679903,0.001055812721228168,0.003254176952515307,0.002653504201558054,0.008658187756175523
Luxembourg,0.005643122495369586,0.0023500325681972065,0.0022656640417929863,0.008585558748983882,0.0032929518243323547,0.004026210937304361,0.0021903707361978046,0.0030566930612999123,0.00137006535009795,0.0016030457402940197,0.01322565931745237,0.0037414292159316798
Madagascar,0.0012475040902649275,0.010391434142536807,0.0012261325316729101,0.001764995221163081,0.0013149816627252738,0.000737519599429119,0.0019105460072316362,0.0013654578901028426,0.012442509714547856,0.0019895930862341236,0.003351286811044605,0.004643316481779396
Malawi,0.0013513545245602086,0.00839070535141262,0.0041630184533279005,0.006458884618878599,0.0010098076538868654,0.0017701182312643074,0.003936048258720851,0.002888987554997429,0.007180012984765172,0.0012075504619995982,0.004227434911642951,0.004915005174305424
Malaysia,0.004270505855650912,0.01663422725414948,0.0020984660757381625,0.001190677485532721,0.006595995968045748,0.005896514777498675,0.0035060755387711744,0.0038870034407663366,0.002312530532641289,0.0016230535711511968,0.001759517437575334,0.002118542019664221
Mali,0.007180266088935586,0.011273977674278485,0.001848324551376828,0.001141975611278741,0.0024949735919474712,0.0008618957837224061,0.0011402548042141157,0.0021227373439570013,0.0010026813003261754,0.0012547653256526087,0.010206554276586344,0.0033960922057216167
Malta,0.0018557469323433173,0.0019400162052930735,0.0009884593497649034,0.00652682116023795,0.002816833698418359,0.001359448624691147,0.0016959325560307239,0.0027712850368760873,0.0010979272672135987,0.0011953862970031249,0.0014216534833429266,0.009618159487054578
Mauritania,0.010044386595393362,0.0018604302282137705,0.003161734509512102,0.002588220815817088,0.004027502267267627,0.006035715689626096,0.0021869513327150217,0.001510814681532812,0.0065343626808909636,0.0016796718941547214,0.0023349789043852903,0.00800028842755826
Mauritius,0.003515761796781546,0.003939005406881392,0.006699079648327451,0.005882689064529198,0.0035340473110327536,0.0027555976050550827,0.0016816647194618454,0.004692808012552195,0.001399017841951419,0.0038947068589155094,0.001596255882045072,0.015475128715965042
Mexico,0.009332626752348194,0.0015148732536502917,0.0025083756192929123,0.0010458846741557368,0.0013807164355798193,0.0005700802792669235,0.004274043921106141,0.003884480353017243,0.0010277187814067817,0.0006917715579588578,0.0008795342595943507,0.003381517783982338
Moldova,0.004042187730966221,0.005582196618802979,0.0009424859118295197,0.001491264482218653,0.001744264653927935,0.006666723896932597,0.0036532841521620396,0.004227021803890417,0.002662461092768232,0.0018409917769808843,0.004875304757803595,0.004033794316746074
Mongolia,0.0041375299511939995,0.00568748001096854,0.0013621879658419715,0.003671400914467278,0.003718093982667821,0.0020350678986890657,0.004386660070367886,0.0013074071923211243,0.0019787737363453836,0.0018469448704180377,0.004456346603067304,0.008012700691098412
Montenegro,0.004382476196877032,0.006104991682291339,0.0030646238478270506,0.0034386187409322817,0.0033603760189736716,0.006597565066710984,0.002100346344395607,0.002796207921765423,0.0016576832201020738,0.01391955934864833,0.0016949698648363268,0.008037547381658593
Morocco,0.003959084386280461,0.0015718222893798817,0.0007857509669368786,0.01116435482320699,0.004905415480865406,0.0007188371968434217,0.004932957950738191,0.0008109818778368966,0.0012804238150150391,0.0013459877101236386,0.00402323850790437,0.003151248430636546
Mozambique,0.0013561679075140293,0.007042060304895514,0.0019763526906027753,0.0008059617555658538,0.001525989449741718,0.0015863427631768526,0.0014317601272868258,0.0055191957388390014,0.006628256159470908,0.0019546685015788025,0.006939122888424534,0.014922344346383981
Myanmar,0.005543686187168148,0.008877490089500312,0.0009574431282473725,0.009251088913973152,0.004940623900732931,0.0013474992697200087,0.0023338689606705806,0.0007210031886137726,0.0010286157338750806,0.0040270012933005805,0.0024970558086781294,0.0028634844603589137
Namibia,0.0025682073100923263,0.005685570283638808,0.005408354699789078,0.0006417760946435857,0.001213052710837697,0.003003432612649473,0.001712073898612122,0.006186367333068182,0.005938485973172536,0.004259679672045047,0.004011452134440485,0.0007432276483317771
Nepal,0.002668894353783556,0.007858930631346586,0.005267623212229761,0.005133085126626205,0.0027735881532008552,0.0016622111513769217,0.007012611901319049,0.0012433945049746143,0.0034955235058592125,0.0023644754294355717,0.002787278385472748,0.006077800198080019
Netherlands,0.0014013342651784284,0.0019949747350429085,0.002310973776028284,0.003240891466043852,0.003229626085181455,0.0025013614748896594,0.003484665733726241,0.0021811027149025303,0.002440697497675495,0.0012755284004907679,0.001954285067216767,0.010942014340239836
New Zealand,0.006116417755384698,0.0026123800185875803,0.004916993082987174,0.009699756108674296,0.002585523095886274,0.00479072916080376,0.0034835175656750955,0.0025433965648798684,0.003359540030635353,0.0012998576903587838,0.0008067327310251867,0.003482485733455061
Nicaragua,0.0008496088179661783,0.0023628774840938754,0.010382898259697543,0.0057354179668887145,0.0018816216247765326,0.006819734092483071,0.002381252827307615,0.001149351446354606,0.0020884113479737454,0.003743716727054189,0.0011843398740246144,0.007477326885113836
Niger,0.0019340454801234207,0.008116902342452645,0.002508149839720912,0.009299177871485778,0.0014583286197574312,0.0007703979496394208,0.005805614205041894,0.0013029193020271182,0.007247746161326216,0.0010177732078920478,0.012384200771669768,0.0010037840583417505
Nigeria,0.008972909936173501,0.005774258721507934,0.000929232454981185,0.010404119742380785,0.003233518076181042,0.0015320542417403271,0.0014342080237750455,0.0022833544090952694,0.0015322519232797496,0.005772818688783439,0.0019305167059893644,0.0021521112659680167
North Macedonia,0.006249067525630328,0.005765402077121923,0.0022875115014067277,0.003207850383339997,0.004844540731716786,0.0016814243833756307,0.002572968719638951,0.002805357384757238,0.003783692853084726,0.0013796139925553765,0.007399683609401825,0.0026858247155087007
Norway,0.0026318881621463994,0.005724877814205186,0.0030085914263311177,0.00671836003669616,0.0020587934305562466,0.005605316091991906,0.010258353974482937,0.002766566847622911,0.0009115713498973358,0.0031371397255245854,0.003391817852496381,0.004542444754433446
Oman,0.004329259800245948,0.010444069076179924,0.0003871406726779431,0.0007804012349961675,0.0021622954909162016,0.0027517279964550737,0.003004057446272964,0.0013849863247321036,0.0011565928362122571,0.0013606835217068944,0.001001124347361446,0.01124292721193712
Pakistan,0.004607343900913434,0.0007322401227891412,0.0010217489635614089,0.0005611528416387714,0.004933102370369945,0.0025543889412733695,0.0010945745349923517,0.000616058251007771,0.002367075425045481,0.0015306564361588539,0.0015263503749602999,0.009144106712373312
Panama,0.002599021915262626,0.0037769870263476835,0.002463884004724526,0.003826881734414391,0.0013527428481329203,0.004481514832709109,0.0018017936455130418,0.0019605239308220015,0.0032342657015769147,0.0007503528729382132,0.011503616670543448,0.010051223079373145
Papua New Guinea,0.0007783117019921773,0.010337797698265982,0.0012879799480217148,0.003389058016115269,0.002507749802076971,0.0012632873610503095,0.003239045379645304,0.0011183848887697835,0.008868466863014346,0.0035208206030922923,0.0030443175408672515,0.006454915859450211
Paraguay,0.00320028746016094,0.0028321501272763824,0.003349579982126878,0.005820512464030578,0.0020450155978769848,0.006064359346040174,0.0020083131028318622,0.0012121253943619594,0.0007871083699446963,0.0010170496632408476,0.005982070449307264,0.008218229714348713
Peru,0.002099762865041578,0.005582805435525959,0.0013400047958834465,0.004754058245424964,0.0008934887689513093,0.0010439167722821937,0.003086065701897754,0.0011654255952904743,0.00745064296850137,0.0018687835410037164,0.0013423942337621106,0.009402119039030626
Philippines,0.011048265236502042,0.0016895855661326585,0.0008250879544540908,0.008462519534420468,0.0009302435876246068,0.0013470978534289545,0.0012670010228578634,0.0036396568073455773,0.004312948936760076,0.0012361001082920962,0.0011552725077093162,0.002400729131578693
Poland,0.004430164949753734,0.005630148162225845,0.006354948436207888,0.010301944503636057,0.003035087652013324,0.002533057504512968,0.0012633336535936186,0.0016420538270197696,0.0013998941208809828,0.0024527013251828336,0.0021525695283216607,0.0018010190449859118
Portugal,0.0014511450911300176,0.00834598198168926,0.0023951312944184913,0.004176451592986817,0.0020038014205002036,0.0018375669226950338,0.0033442160591164935,0.007177783349958569,0.0007760695891419799,0.0037280023028278333,0.004093335708398524,0.002549903872999082
Qatar,0.002916208875099132,0.013492712329860435,0.0015843510588723977,0.0007637210038205213,0.0018272968891938912,0.003350611236093211,0.0025320040239739643,0.005429073195801715,0.0010436917232217232,0.0012373128058808334,0.0008648026454282712,0.006668981876926196
Romania,0.0056804975286892795,0.0076878692594498504,0.0028262890925062224,0.019984609988407703,0.0032436311711240198,0.0039176240377457525,0.0014927977294940976,0.002914191010699365,0.0010878601859235417,0.00204043506053192,0.001375509452579516,0.0049117383904355855
Russia,0.006448472095871446,0.00855082207640312,0.002641070467079936,0.0016369620536055129,0.0009607680831995244,0.0010163950767674186,0.0022993384386095286,0.005022941620904657,0.0012108930919846501,0.0005444466334231799,0.007143811344438644,0.0014222456040320127
Rwanda,0.0013650739096890494,0.0015812567632210225,0.009294824083006886,0.004286524470410884,0.005735691840363197,0.003946533754935123,0.00220635663129533,0.0017617567794351967,0.008500974157810329,0.0011901129442450295,0.004828093680164104,0.0006951300224086457
Saudi Arabia,0.00037911005498845454,0.008772822390382129,0.0005077226091604469,0.0010239472284037836,0.0017604443852216982,0.0032837937375507324,0.0021437432914469395,0.002040485686940277,0.0011227334984665414,0.001202548610811073,0.0017702855873535997,0.00323281000920286
Senegal,0.0007050019035635142,0.005764539758782675,0.0036737920748590516,0.0026073832111587966,0.001269339837361199,0.0035174867657940118,0.0036054835005560892,0.0026014198594327617,0.003782570190514454,0.0020164025788119676,0.00864936436039912,0.003280304873968222
Serbia,0.006272589321544175,0.0018441212879128088,0.004716423802391241,0.004315570387799304,0.0017709657740880656,0.0016551234211988532,0.0010471427169100461,0.0012829813676819134,0.00559833022055755,0.0013947292272856703,0.00418867399191588,0.012968128765159542
Seychelles,0.0027229675767165805,0.0034841298275381793,0.007647168214744787,0.0028158934221759295,0.0021802259596879862,0.0012428319771452968,0.002235342514276196,0.012826195563727522,0.001463804007964387,0.003449948659647855,0.002267571723789566,0.005207078206162452
Sierra Leone,0.0033826021936183004,0.009184843227795822,0.004352978398534976,0.007384929845161474,0.0028608866795965457,0.00165568396716562,0.005292209624212521,0.004034455165722969,0.005431734516500426,0.0052079229817749775,0.0029036587857972952,0.0019118363355274323
Singapore,0.0008213882799272777,0.010496461972867133,0.0011439832755894995,0.0014528515068588932,0.0012226342319155946,0.0014195966226108192,0.0023364978915351095,0.0027567308536904263,0.0003914126943691948,0.0018397138886443697,0.0018431970530449482,0.00892145463576395
Slovakia,0.0034889546139937194,0.0032621636297712753,0.005007168446398515,0.005117414040724334,0.0013194081089404099,0.007789620365012448,0.003007295357315129,0.0013952401792215931,0.0009565565477390094,0.0021159092830241727,0.003716184522527935,0.007335986608918266
Slovenia,0.0031743733949698393,0.0020674768385424563,0.006986295424513539,0.0026051798578290326,0.0031004779075717963,0.002718837515752491,0.0019292901707464172,0.0029791689794444846,0.0010280541311116767,0.0008581933658103145,0.0009677879601773243,0.009843723168350582
Somalia,0.0025906028026926667,0.003136175072803081,0.002242649281695347,0.006740904519519392,0.003112299522312595,0.00801746606143832,0.005748460685937581,0.006054047925907129,0.003246145784411618,0.0050228306661441804,0.0023669653596420544,0.003904622041871912
South Africa,0.005968664442638091,0.006672898682129669,0.0043950757583014755,0.003201932994210205,0.0031643210417166695,0.0014297405418948958,0.001240856753745705,0.0009079885598806342,0.001734450571399591,0.005162588470062679,0.00340107887257601,0.005922903930437574
South Korea,0.0016023433461432677,0.002226187811508268,0.0017556129218129334,0.013800931527869764,0.0024454284151862495,0.002246084492169228,0.0020564710687175462,0.005469151819043436,0.0009096621957991003,0.005156591595047784,0.004478735317569274,0.006421768822789442
South Sudan,0.013901338073555841,0.0034944979869000574,0.001782359888829235,0.002530255729326941,0.006563188519772979,0.0021082602811967367,0.0049898176378106035,0.0020967730340109535,0.00536568852492323,0.00625107565462877,0.004198309164467003,0.009918583705584079
Spain,0.0008577302001486053,0.0037033616754851215,0.0014577814343796226,0.00861664422060951,0.0015741872715955459,0.0028100898879149065,0.0021193854852661377,0.010726891059909788,0.0021967023043926864,0.0010187857210057008,0.0016159226676689155,0.0021135319365853562
Sri Lanka,0.007298829998572551,0.0015013880891070908,0.0008588221830976451,0.0017789001130320663,0.0010865725685099067,0.001419167963280503,0.0022621636807002316,0.007040444234156978,0.0030985238041029567,0.0051069039053813076,0.0023387635716920763,0.006512868071155323
Sudan,0.004640968198393949,0.003488711477561423,0.002390043904025207,0.004102667815770098,0.002168968865535241,0.0013344162892678386,0.0035483806407916457,0.01215795524098745,0.003934020560881744,0.006141014310275528,0.002874495785931238,0.006542653906030704
Suriname,0.0022553811441383895,0.005778860403866673,0.000392700418289729,0.0008179152147130345,0.00541820112603035,0.0032079315080161853,0.0013239347831184092,0.002670001961565638,0.0012661572603937798,0.004710221177061311,0.00167033973883194,0.009734181779122858
Sweden,0.003560612363473957,0.002450246738149184,0.0044822304125254064,0.004631561720740501,0.0016018745148607353,0.0077215143665418234,0.002677244461118243,0.00260418780846014,0.0013024341789517283,0.002030402075883151,0.002797689286964288,0.008307599421518985
Switzerland,0.004433354766330548,0.005190417189360537,0.001178851706813951,0.009900400238066931,0.003777650192346927,0.006702034105612889,0.001548091747549286,0.005263382565629297,0.0010258831748435268,0.001234004449755994,0.0015673034614442864,0.002413055809513582
Syria,0.008264836450683648,0.00860309921159881,0.0038195874008637616,0.00791284584184547,0.0014244671522026017,0.0031827045034388025,0.0009274330749442011,0.0007347653398399835,0.011578325602431341,0.008538802757928843,0.004620975841642089,0.0037501403590073402
São Tomé and Príncipe,0.005892744549557197,0.006666691002558539,0.0019649432579738474,0.0012857584658373493,0.0009535600391431002,0.0009532954087897189,0.008374168422381562,0.000989275896558131,0.005771052552116102,0.0007172724131223945,0.005308544896513445,0.0008742278117688639
"Taiwan, China",0.0034930516662261824,0.001263593599421544,0.0014768920289463493,0.0030195990970031394,0.0014102688467908988,0.004213267785429048,0.0037769313793339435,0.003158373760000277,0.0015296688137386352,0.004158273092992,0.0010824561875247291,0.009919759179624593
Tajikistan,0.0033751176790099598,0.006822140883482958,0.002023932880463661,0.006966358287307142,0.0015376596298715996,0.002505614961550818,0.0026512025613535904,0.0009038199906840723,0.0027856766303745242,0.003766541516576488,0.005794241811188691,0.007389109443996331
Tanzania,0.001490940420111074,0.003254173404624007,0.004892551595075609,0.0036232478633879336,0.0019088016888645486,0.0015717887323429408,0.0058734532977482365,0.0024029062197722176,0.007468616777317666,0.003548763462306301,0.0027760319947805236,0.008671298591606688
Thailand,0.0054024498777219335,0.008218302211037518,0.006867248521913172,0.004773693568392995,0.003421441337683021,0.0011085944473601013,0.002760772551864181,0.005007555221708919,0.0008791262987645895,0.0032294386802415656,0.0008712086730120906,0.0030659906805126577
The Gambia,0.0015550028707505114,0.003445733071666131,0.004395173305367137,0.004634616046833899,0.0009650750759240649,0.003447603950813345,0.004861628559853733,0.006994856553008896,0.0024410545726478716,0.004447216039575964,0.006285937076854639,0.0027930331200624638
Togo,0.008598215649089871,0.008221852781534256,0.0016314502314450571,0.008718440781803477,0.002070917938595422,0.0022809887181776747,0.004456754444038577,0.001398202882528475,0.002546277356417617,0.0021267458304434286,0.0016275272066803813,0.002479124533098769
Trinidad and Tobago,0.0016558675948787557,0.008368243954869292,0.0041691485291669855,0.001656587366841454,0.0025074852036032144,0.0066186093846930805,0.001648418180973707,0.0014072794278313216,0.0023058934650937273,0.0009591134980462155,0.0009930538843699373,0.004675267275178377
Tunisia,0.0015299223235777162,0.005066368471833692,0.004181433365453714,0.009833585718166948,0.0012932495143692622,0.0009879192069880832,0.001895191638606672,0.0014115356742371576,0.005384098485459558,0.0028610071015182995,0.0022826270755720926,0.006873481957610145
Turkey,0.006588841085760258,0.008639135473421544,0.003249427127056892,0.004506748906930078,0.001959467911904395,0.0016716726722201848,0.0056892915651841625,0.0017033430737202863,0.003072291493729059,0.0021374901037490984,0.002314389010870003,0.0010879968915534586
Turkmenistan,0.0021795716866418666,0.008350688807767376,0.004272205160723672,0.006002800504119873,0.0011063067105681005,0.0028307232657219863,0.001323400605197195,0.002746168845801228,0.003919178533531541,0.002533700895594043,0.004039169546361805,0.005604598658984161
Uganda,0.007737471547017899,0.0024016807581890495,0.0011749979779560622,0.00352082711738827,0.008009043322404735,0.005994029874091658,0.0017641302085844614,0.0013863944107044678,0.004850232880470685,0.0021090295293564217,0.004377029406201251,0.0017317463076603097
Ukraine,0.007023120161429891,0.003714733169413058,0.0008665656096972056,0.002363237606773965,0.009073303102552888,0.0010369742185811475,0.0011767461343154036,0.0009426027898541533,0.0014386386036951467,0.0020435423557475484,0.0076577527196900474,0.0010408026429923074
United Arab Emirates,0.0011930131913423245,0.013271333215471082,0.00299242086986376,0.0007434347924295077,0.0034279299920943127,0.004563220226959125,0.003524333747264411,0.0039058172844752756,0.0012844850522977114,0.0014971097230680394,0.0015139231966945464,0.003995141529049458
United Kingdom,0.003874307362432855,0.00280161596864692,0.002645761030269308,0.004648930571481698,0.0030278018652079228,0.005468438788754797,0.003929400607747997,0.00352887404197319,0.0038086461302389747,0.00919886323092281,0.001487364453831224,0.003718205926777296
United States,0.009827778502655593,0.001347270805275344,0.0014997938844802418,0.005909675943345155,0.001289663332068926,0.00553276244674783,0.0029259339557989004,0.0013873980700140256,0.0006741466195777732,0.00799489630338085,0.0005911320903625771,0.0012803811551679312
Uruguay,0.0010572664533806345,0.006764689770135987,0.004416373828493497,0.008990137400783096,0.0015171301200269799,0.004938532967423637,0.00524510404493915,0.0047887207156199554,0.0009455927544186477,0.0008876205043192925,0.00272370266090809,0.0018909512577456392
Uzbekistan,0.004194611143317567,0.0075029298628565,0.0019359143657365525,0.004466685868046737,0.0011203399891823356,0.0013653578950642321,0.0013342174650693844,0.0018643334950120376,0.0015456413611371223,0.004271452312996901,0.0037017809729169154,0.011472027830960296
Venezuela,0.0036007952859154965,0.0012589942759065834,0.0078739616184368,0.0060679207355634965,0.00577624032451661,0.00863137885327421,0.0011579401931100337,0.00495512513255629,0.005178489709859173,0.003738114702874676,0.005563265002277919,0.008241476045009792
Vietnam,0.000864990771567653,0.00997234339855757,0.0003617675805679438,0.0073990903321942,0.0048400012076456195,0.0007351594212713546,0.0020993046455034074,0.00400063722316598,0.0014561592237122712,0.002383197116034925,0.0014409471276693227,0.001760527156647259
Yemen,0.0035668086214937778,0.0032581046353163876,0.004832727664417724,0.0028061485939672483,0.004957745392877098,0.0031303647755715376,0.0034188525724186992,0.0030404379986688004,0.006678629142687423,0.00886383198454703,0.0032735311719765993,0.0032913443041705168
Zambia,0.0017885717698999971,0.0020391257511876877,0.0020067346745140102,0.0011181124668037182,0.001623422082454815,0.003673455370734817,0.0037288452936051694,0.009633097724205175,0.005902145948505869,0.0020575091915521204,0.001648719964787512,0.008860998062201086
Zimbabwe,0.003416152325778632,0.0026201874091363875,0.0029673293160435467,0.0016697428372634531,0.0071550588598973675,0.0023656010315277233,0.0011534280369198732,0.0012267628311247447,0.0009623469137040701,0.0009842021689899488,0.010374596334134872,0.001988852009271118
